# ************************************************************
# Sequel Pro SQL dump
# Version 4541
#
# http://www.sequelpro.com/
# https://github.com/sequelpro/sequelpro
#
# Host: 127.0.0.1 (MySQL 5.5.5-10.1.30-MariaDB)
# Database: hawki
# Generation Time: 2019-09-22 23:42:50 +0000
# ************************************************************


/*!40101 SET @OLD_CHARACTER_SET_CLIENT=@@CHARACTER_SET_CLIENT */;
/*!40101 SET @OLD_CHARACTER_SET_RESULTS=@@CHARACTER_SET_RESULTS */;
/*!40101 SET @OLD_COLLATION_CONNECTION=@@COLLATION_CONNECTION */;
/*!40101 SET NAMES utf8 */;
/*!40014 SET @OLD_FOREIGN_KEY_CHECKS=@@FOREIGN_KEY_CHECKS, FOREIGN_KEY_CHECKS=0 */;
/*!40101 SET @OLD_SQL_MODE=@@SQL_MODE, SQL_MODE='NO_AUTO_VALUE_ON_ZERO' */;
/*!40111 SET @OLD_SQL_NOTES=@@SQL_NOTES, SQL_NOTES=0 */;


# Dump of table assign_request_order
# ------------------------------------------------------------

DROP TABLE IF EXISTS `assign_request_order`;

CREATE TABLE `assign_request_order` (
  `id` int(11) NOT NULL AUTO_INCREMENT,
  `request_quote_id` int(11) NOT NULL,
  `user_id` int(11) NOT NULL,
  `status` enum('pending','processed','ordered','completed','rejected','awaiting_result','approved','dispatched') NOT NULL DEFAULT 'pending',
  `reson` text NOT NULL,
  PRIMARY KEY (`id`)
) ENGINE=InnoDB DEFAULT CHARSET=latin1;

LOCK TABLES `assign_request_order` WRITE;
/*!40000 ALTER TABLE `assign_request_order` DISABLE KEYS */;

INSERT INTO `assign_request_order` (`id`, `request_quote_id`, `user_id`, `status`, `reson`)
VALUES
	(1,25,17,'pending',''),
	(2,25,8,'rejected',''),
	(3,112,1,'pending',''),
	(4,112,37,'rejected',''),
	(5,113,1,'pending',''),
	(6,113,37,'rejected',''),
	(7,114,37,'pending',''),
	(8,115,37,'pending',''),
	(9,118,1,'pending',''),
	(10,118,40,'pending',''),
	(11,119,37,'pending',''),
	(12,119,8,'pending',''),
	(13,119,1,'pending',''),
	(14,120,37,'pending',''),
	(15,120,1,'pending',''),
	(16,120,40,'pending',''),
	(17,121,37,'rejected',''),
	(18,121,1,'pending',''),
	(19,121,40,'pending',''),
	(26,7,8,'rejected','no need....'),
	(27,7,8,'rejected','no need1'),
	(28,7,8,'rejected','no need....'),
	(29,26,8,'rejected','no need....'),
	(30,26,42,'rejected','no need....'),
	(31,26,42,'rejected','no need....'),
	(32,26,42,'rejected','no need....'),
	(33,26,42,'rejected','ufuf'),
	(34,26,42,'rejected','niq'),
	(35,126,42,'pending',''),
	(36,126,42,'pending',''),
	(37,126,42,'pending',''),
	(38,126,42,'pending',''),
	(39,126,37,'pending',''),
	(40,127,42,'pending',''),
	(41,127,42,'pending',''),
	(42,127,42,'pending',''),
	(43,127,42,'pending',''),
	(44,127,37,'pending',''),
	(45,129,37,'pending',''),
	(46,130,37,'pending',''),
	(47,131,37,'pending',''),
	(48,132,1,'pending',''),
	(49,132,40,'pending',''),
	(50,133,37,'pending',''),
	(51,134,37,'pending',''),
	(52,135,37,'pending',''),
	(53,136,37,'pending',''),
	(54,137,37,'pending',''),
	(55,138,37,'pending',''),
	(56,138,1,'pending',''),
	(57,138,40,'pending',''),
	(58,139,37,'pending',''),
	(59,139,1,'pending',''),
	(60,139,40,'pending',''),
	(61,140,37,'pending',''),
	(62,140,1,'pending',''),
	(63,140,40,'pending',''),
	(64,141,37,'pending',''),
	(65,141,1,'pending',''),
	(66,141,40,'pending',''),
	(67,142,37,'pending',''),
	(68,142,1,'pending',''),
	(69,142,40,'pending',''),
	(70,143,37,'pending',''),
	(71,143,1,'pending',''),
	(72,143,40,'pending',''),
	(73,144,37,'pending',''),
	(74,144,1,'pending',''),
	(75,144,40,'pending',''),
	(76,145,37,'pending',''),
	(77,145,1,'pending',''),
	(78,145,40,'pending',''),
	(79,146,37,'pending',''),
	(80,146,1,'pending',''),
	(81,146,40,'pending',''),
	(82,147,37,'pending',''),
	(83,147,1,'pending',''),
	(84,147,40,'pending',''),
	(85,148,37,'pending',''),
	(86,148,1,'pending',''),
	(87,148,40,'pending',''),
	(88,149,37,'pending',''),
	(89,149,1,'pending',''),
	(90,149,40,'pending',''),
	(91,150,37,'pending',''),
	(92,150,1,'pending',''),
	(93,150,40,'pending',''),
	(94,151,37,'pending',''),
	(95,151,1,'pending',''),
	(96,151,40,'pending',''),
	(97,152,37,'pending',''),
	(98,153,37,'pending',''),
	(99,153,1,'pending',''),
	(100,153,40,'pending',''),
	(101,154,37,'pending',''),
	(102,154,1,'pending',''),
	(103,154,40,'pending',''),
	(104,155,37,'pending',''),
	(105,155,1,'pending',''),
	(106,155,40,'pending',''),
	(107,156,37,'pending',''),
	(108,156,1,'pending',''),
	(109,156,40,'pending',''),
	(110,157,37,'pending',''),
	(111,157,1,'pending',''),
	(112,157,40,'pending',''),
	(113,158,37,'pending',''),
	(114,158,1,'pending',''),
	(115,158,40,'pending',''),
	(116,159,37,'pending',''),
	(117,159,1,'pending',''),
	(118,159,40,'pending',''),
	(119,160,37,'pending',''),
	(120,160,1,'pending',''),
	(121,160,40,'pending',''),
	(122,161,37,'pending',''),
	(123,161,1,'pending',''),
	(124,161,40,'pending',''),
	(125,162,37,'pending',''),
	(126,162,1,'pending',''),
	(127,162,40,'pending',''),
	(128,163,37,'pending',''),
	(129,163,1,'pending',''),
	(130,163,40,'pending',''),
	(131,164,37,'pending',''),
	(132,164,1,'pending',''),
	(133,164,40,'pending',''),
	(134,165,37,'pending',''),
	(135,165,1,'pending',''),
	(136,165,40,'pending',''),
	(137,166,37,'pending',''),
	(138,166,1,'pending',''),
	(139,166,40,'pending',''),
	(140,167,37,'pending',''),
	(141,167,1,'pending',''),
	(142,167,40,'pending',''),
	(143,168,37,'pending',''),
	(144,168,1,'pending',''),
	(145,168,40,'pending',''),
	(146,169,37,'pending',''),
	(147,169,1,'pending',''),
	(148,169,40,'pending',''),
	(149,170,37,'pending',''),
	(150,170,1,'pending',''),
	(151,170,40,'pending',''),
	(152,171,37,'pending',''),
	(153,171,1,'pending',''),
	(154,171,40,'pending',''),
	(155,172,37,'pending',''),
	(156,172,1,'pending',''),
	(157,172,40,'pending',''),
	(158,173,37,'pending',''),
	(159,173,1,'pending',''),
	(160,173,40,'pending',''),
	(161,174,37,'pending',''),
	(162,174,1,'pending',''),
	(163,174,40,'pending',''),
	(164,175,37,'pending',''),
	(165,175,1,'pending',''),
	(166,175,40,'pending',''),
	(167,176,37,'pending',''),
	(168,176,1,'pending',''),
	(169,176,40,'pending',''),
	(170,177,37,'pending',''),
	(171,177,1,'pending',''),
	(172,177,40,'pending',''),
	(173,178,37,'pending',''),
	(174,178,1,'pending',''),
	(175,178,40,'pending',''),
	(176,179,37,'pending',''),
	(177,179,1,'pending',''),
	(178,179,40,'pending',''),
	(179,180,37,'pending',''),
	(180,180,1,'pending',''),
	(181,180,40,'pending',''),
	(182,181,37,'pending',''),
	(183,181,1,'pending',''),
	(184,181,40,'pending',''),
	(185,182,37,'pending',''),
	(186,182,1,'pending',''),
	(187,182,40,'pending',''),
	(188,183,37,'pending',''),
	(189,183,1,'pending',''),
	(190,183,40,'pending',''),
	(191,184,42,'pending',''),
	(192,184,42,'pending',''),
	(193,184,42,'pending',''),
	(194,184,42,'pending',''),
	(195,184,42,'pending',''),
	(196,184,42,'pending',''),
	(197,184,42,'pending',''),
	(198,184,42,'pending',''),
	(199,184,42,'pending',''),
	(200,184,42,'pending',''),
	(201,184,42,'pending',''),
	(202,185,37,'pending',''),
	(203,185,1,'pending',''),
	(204,185,40,'pending',''),
	(205,186,37,'pending',''),
	(206,186,1,'pending',''),
	(207,186,40,'pending',''),
	(208,187,37,'pending',''),
	(209,187,1,'pending',''),
	(210,187,40,'pending',''),
	(211,188,37,'pending',''),
	(212,188,1,'pending',''),
	(213,188,40,'pending',''),
	(214,189,37,'pending',''),
	(215,189,1,'pending',''),
	(216,189,40,'pending',''),
	(217,190,37,'pending',''),
	(218,190,1,'pending',''),
	(219,190,40,'pending',''),
	(220,191,37,'pending',''),
	(221,191,1,'pending',''),
	(222,191,40,'pending',''),
	(223,192,37,'pending',''),
	(224,192,1,'pending',''),
	(225,192,40,'pending',''),
	(226,193,37,'pending',''),
	(227,193,1,'pending',''),
	(228,193,40,'pending',''),
	(229,194,37,'pending',''),
	(230,194,1,'pending',''),
	(231,194,40,'pending',''),
	(232,195,37,'pending',''),
	(233,195,1,'pending',''),
	(234,195,40,'pending',''),
	(235,196,37,'pending',''),
	(236,196,1,'pending',''),
	(237,196,40,'pending',''),
	(238,197,37,'pending',''),
	(239,197,1,'pending',''),
	(240,197,40,'pending',''),
	(241,198,37,'pending',''),
	(242,198,1,'pending',''),
	(243,198,40,'pending',''),
	(244,199,37,'pending',''),
	(245,199,1,'pending',''),
	(246,199,40,'pending',''),
	(247,200,37,'pending',''),
	(248,200,1,'pending',''),
	(249,200,40,'pending',''),
	(250,201,37,'pending',''),
	(251,201,1,'pending',''),
	(252,201,40,'pending',''),
	(253,202,37,'pending',''),
	(254,202,1,'pending',''),
	(255,202,40,'pending',''),
	(256,203,37,'pending',''),
	(257,203,1,'pending',''),
	(258,203,40,'pending',''),
	(259,204,37,'pending',''),
	(260,204,1,'pending',''),
	(261,204,40,'pending',''),
	(262,205,37,'pending',''),
	(263,205,1,'pending',''),
	(264,205,40,'pending',''),
	(265,206,37,'pending',''),
	(266,206,1,'pending',''),
	(267,206,40,'pending',''),
	(268,207,37,'pending',''),
	(269,207,1,'pending',''),
	(270,207,40,'pending',''),
	(271,208,37,'pending',''),
	(272,208,1,'pending',''),
	(273,208,40,'pending',''),
	(274,209,37,'pending',''),
	(275,209,1,'pending',''),
	(276,209,40,'pending',''),
	(277,210,37,'pending',''),
	(278,210,1,'pending',''),
	(279,210,40,'pending',''),
	(280,211,37,'pending',''),
	(281,211,1,'pending',''),
	(282,211,40,'pending',''),
	(283,212,37,'pending',''),
	(284,212,1,'pending',''),
	(285,212,40,'pending',''),
	(286,213,37,'pending',''),
	(287,213,1,'pending',''),
	(288,213,40,'pending',''),
	(289,214,37,'pending',''),
	(290,214,1,'pending',''),
	(291,214,40,'pending',''),
	(292,215,37,'pending',''),
	(293,215,1,'pending',''),
	(294,215,40,'pending',''),
	(295,216,37,'pending',''),
	(296,216,1,'pending',''),
	(297,216,40,'pending',''),
	(298,217,37,'pending',''),
	(299,217,1,'pending',''),
	(300,217,40,'pending',''),
	(301,218,37,'pending',''),
	(302,218,1,'pending',''),
	(303,218,40,'pending',''),
	(304,219,37,'pending',''),
	(305,219,1,'pending',''),
	(306,219,40,'pending',''),
	(307,220,37,'pending',''),
	(308,220,1,'pending',''),
	(309,220,40,'pending',''),
	(310,221,37,'pending',''),
	(311,221,1,'pending',''),
	(312,221,40,'pending',''),
	(313,222,37,'pending',''),
	(314,222,1,'pending',''),
	(315,222,40,'pending',''),
	(316,223,1,'pending',''),
	(317,223,40,'pending',''),
	(318,224,8,'pending',''),
	(319,224,37,'pending',''),
	(320,224,1,'pending',''),
	(321,224,40,'pending','');

/*!40000 ALTER TABLE `assign_request_order` ENABLE KEYS */;
UNLOCK TABLES;


# Dump of table banner
# ------------------------------------------------------------

DROP TABLE IF EXISTS `banner`;

CREATE TABLE `banner` (
  `bid` int(50) NOT NULL AUTO_INCREMENT,
  `bannerTitle` varchar(255) DEFAULT NULL,
  `bannerDescription` text,
  `buttonText` varchar(200) DEFAULT NULL,
  `buttonUrl` varchar(200) DEFAULT NULL,
  `image` varchar(255) DEFAULT NULL,
  `video_url` varchar(255) DEFAULT NULL,
  `banner_isActive` int(1) DEFAULT NULL,
  PRIMARY KEY (`bid`)
) ENGINE=InnoDB DEFAULT CHARSET=latin1;

LOCK TABLES `banner` WRITE;
/*!40000 ALTER TABLE `banner` DISABLE KEYS */;

INSERT INTO `banner` (`bid`, `bannerTitle`, `bannerDescription`, `buttonText`, `buttonUrl`, `image`, `video_url`, `banner_isActive`)
VALUES
	(1,'home banner',NULL,NULL,NULL,'ban_IVgyP.png','http://youtube.com',1);

/*!40000 ALTER TABLE `banner` ENABLE KEYS */;
UNLOCK TABLES;


# Dump of table brand
# ------------------------------------------------------------

DROP TABLE IF EXISTS `brand`;

CREATE TABLE `brand` (
  `id` int(11) NOT NULL AUTO_INCREMENT,
  `name` varchar(255) NOT NULL,
  `created_at` timestamp NOT NULL DEFAULT CURRENT_TIMESTAMP,
  PRIMARY KEY (`id`)
) ENGINE=InnoDB DEFAULT CHARSET=latin1;

LOCK TABLES `brand` WRITE;
/*!40000 ALTER TABLE `brand` DISABLE KEYS */;

INSERT INTO `brand` (`id`, `name`, `created_at`)
VALUES
	(1,'Cyclone','2018-10-16 18:16:00'),
	(2,'Herdsman','2018-10-16 13:06:00'),
	(3,'OK','2018-10-16 13:06:00'),
	(4,'Redbrand','2018-10-16 13:00:00'),
	(5,'Sheffield','2018-10-16 14:00:00'),
	(6,'Waratah','2018-10-16 13:00:00');

/*!40000 ALTER TABLE `brand` ENABLE KEYS */;
UNLOCK TABLES;


# Dump of table buyer_feedback
# ------------------------------------------------------------

DROP TABLE IF EXISTS `buyer_feedback`;

CREATE TABLE `buyer_feedback` (
  `id` int(11) NOT NULL AUTO_INCREMENT,
  `user_id` varchar(255) DEFAULT NULL,
  `offer_id` varchar(255) DEFAULT NULL,
  `good_quality` varchar(255) DEFAULT NULL,
  `delivery_speed` varchar(255) DEFAULT NULL,
  `attitute` varchar(255) DEFAULT NULL,
  `rate` varchar(255) DEFAULT NULL,
  `average` varchar(255) DEFAULT NULL,
  PRIMARY KEY (`id`)
) ENGINE=InnoDB DEFAULT CHARSET=latin1;

LOCK TABLES `buyer_feedback` WRITE;
/*!40000 ALTER TABLE `buyer_feedback` DISABLE KEYS */;

INSERT INTO `buyer_feedback` (`id`, `user_id`, `offer_id`, `good_quality`, `delivery_speed`, `attitute`, `rate`, `average`)
VALUES
	(24,'91','9081','5','5','5','good','5'),
	(25,'93','9084','5','5','5','foes','5');

/*!40000 ALTER TABLE `buyer_feedback` ENABLE KEYS */;
UNLOCK TABLES;


# Dump of table buyer_orders
# ------------------------------------------------------------

DROP TABLE IF EXISTS `buyer_orders`;

CREATE TABLE `buyer_orders` (
  `order_id` int(255) NOT NULL AUTO_INCREMENT,
  `user_id` int(255) NOT NULL,
  `order_random_id` varchar(255) NOT NULL,
  `product_assign_category` int(255) NOT NULL COMMENT 'selected product  type category',
  `brand_name_1` varchar(255) DEFAULT NULL,
  `order_name_1` varchar(255) DEFAULT NULL,
  `part_number_1` varchar(255) DEFAULT NULL,
  `quantity_1` varchar(255) DEFAULT 'NULL',
  `note_1` varchar(255) DEFAULT 'NULL',
  `brand_name_2` varchar(255) DEFAULT NULL,
  `order_name_2` varchar(255) DEFAULT NULL,
  `part_number_2` varchar(255) DEFAULT NULL,
  `quantity_2` varchar(255) DEFAULT 'NULL',
  `note_2` varchar(255) DEFAULT 'NULL',
  `brand_name_3` varchar(255) DEFAULT NULL,
  `order_name_3` varchar(255) DEFAULT NULL,
  `part_number_3` varchar(255) DEFAULT NULL,
  `quantity_3` varchar(255) DEFAULT 'NULL',
  `note_3` varchar(255) DEFAULT 'NULL',
  `brand_name_4` varchar(255) DEFAULT NULL,
  `order_name_4` varchar(255) DEFAULT NULL,
  `part_number_4` varchar(255) DEFAULT NULL,
  `quantity_4` varchar(255) DEFAULT 'NULL',
  `note_4` varchar(255) DEFAULT 'NULL',
  `brand_name_5` varchar(255) DEFAULT NULL,
  `order_name_5` varchar(255) DEFAULT NULL,
  `part_number_5` varchar(255) DEFAULT NULL,
  `quantity_5` varchar(255) DEFAULT 'NULL',
  `note_5` varchar(255) DEFAULT 'NULL',
  `brand_name_6` varchar(255) DEFAULT NULL,
  `order_name_6` varchar(255) DEFAULT NULL,
  `part_number_6` varchar(255) DEFAULT NULL,
  `quantity_6` varchar(255) DEFAULT 'NULL',
  `note_6` varchar(255) DEFAULT 'NULL',
  `brand_name_7` varchar(255) DEFAULT NULL,
  `order_name_7` varchar(255) DEFAULT NULL,
  `part_number_7` varchar(255) DEFAULT NULL,
  `quantity_7` varchar(255) DEFAULT 'NULL',
  `note_7` varchar(255) DEFAULT 'NULL',
  `brand_name_8` varchar(255) DEFAULT NULL,
  `order_name_8` varchar(255) DEFAULT NULL,
  `part_number_8` varchar(255) DEFAULT NULL,
  `quantity_8` varchar(255) DEFAULT 'NULL',
  `note_8` varchar(255) DEFAULT 'NULL',
  `brand_name_9` varchar(255) DEFAULT NULL,
  `order_name_9` varchar(255) DEFAULT NULL,
  `part_number_9` varchar(255) DEFAULT NULL,
  `quantity_9` varchar(255) DEFAULT 'NULL',
  `note_9` varchar(255) DEFAULT 'NULL',
  `brand_name_10` varchar(255) DEFAULT NULL,
  `order_name_10` varchar(255) DEFAULT NULL,
  `part_number_10` varchar(255) DEFAULT NULL,
  `quantity_10` varchar(255) DEFAULT 'NULL',
  `note_10` varchar(255) DEFAULT 'NULL',
  `order_description` varchar(255) DEFAULT 'NULL',
  `prefer_delivery_data` varchar(255) DEFAULT NULL,
  `sent_number_ofSupplier_request` int(255) NOT NULL DEFAULT '0' COMMENT '0 => ''NO RESPONSE '',  send  total response to suplier ',
  `awaiting_supplie_response` int(255) DEFAULT '0',
  `draft` int(255) DEFAULT '0' COMMENT '0=> saved .1=> save as draft',
  `send_notification_to_suppliers` varchar(255) DEFAULT NULL COMMENT 'supplier_id-----------------all suppliers notiify sent and sent mail on this user id ',
  `is_deleted` int(255) NOT NULL DEFAULT '0' COMMENT '0=> not delete .1=> deleted',
  `created_at` timestamp NOT NULL DEFAULT CURRENT_TIMESTAMP,
  `updated_at` timestamp NOT NULL DEFAULT CURRENT_TIMESTAMP ON UPDATE CURRENT_TIMESTAMP,
  `is_Request_order_again` int(255) NOT NULL DEFAULT '0',
  `image1` varchar(255) DEFAULT NULL,
  `image2` varchar(255) DEFAULT NULL,
  `image3` varchar(255) DEFAULT NULL,
  `image4` varchar(255) DEFAULT NULL,
  `image5` varchar(255) DEFAULT NULL,
  `image6` varchar(255) DEFAULT NULL,
  `image7` varchar(255) DEFAULT NULL,
  `image8` varchar(255) DEFAULT NULL,
  `image9` varchar(255) DEFAULT NULL,
  `image10` varchar(255) DEFAULT NULL,
  `bundle_id` int(255) NOT NULL,
  PRIMARY KEY (`order_id`)
) ENGINE=InnoDB DEFAULT CHARSET=latin1;

LOCK TABLES `buyer_orders` WRITE;
/*!40000 ALTER TABLE `buyer_orders` DISABLE KEYS */;

INSERT INTO `buyer_orders` (`order_id`, `user_id`, `order_random_id`, `product_assign_category`, `brand_name_1`, `order_name_1`, `part_number_1`, `quantity_1`, `note_1`, `brand_name_2`, `order_name_2`, `part_number_2`, `quantity_2`, `note_2`, `brand_name_3`, `order_name_3`, `part_number_3`, `quantity_3`, `note_3`, `brand_name_4`, `order_name_4`, `part_number_4`, `quantity_4`, `note_4`, `brand_name_5`, `order_name_5`, `part_number_5`, `quantity_5`, `note_5`, `brand_name_6`, `order_name_6`, `part_number_6`, `quantity_6`, `note_6`, `brand_name_7`, `order_name_7`, `part_number_7`, `quantity_7`, `note_7`, `brand_name_8`, `order_name_8`, `part_number_8`, `quantity_8`, `note_8`, `brand_name_9`, `order_name_9`, `part_number_9`, `quantity_9`, `note_9`, `brand_name_10`, `order_name_10`, `part_number_10`, `quantity_10`, `note_10`, `order_description`, `prefer_delivery_data`, `sent_number_ofSupplier_request`, `awaiting_supplie_response`, `draft`, `send_notification_to_suppliers`, `is_deleted`, `created_at`, `updated_at`, `is_Request_order_again`, `image1`, `image2`, `image3`, `image4`, `image5`, `image6`, `image7`, `image8`, `image9`, `image10`, `bundle_id`)
VALUES
	(1864,1,'BF9576831',229,'123','2313','132','13','13','123',NULL,NULL,NULL,NULL,NULL,NULL,NULL,NULL,NULL,NULL,NULL,NULL,NULL,NULL,NULL,NULL,NULL,NULL,NULL,NULL,NULL,NULL,NULL,NULL,NULL,NULL,NULL,NULL,NULL,NULL,NULL,NULL,NULL,NULL,NULL,NULL,NULL,NULL,NULL,NULL,NULL,NULL,NULL,NULL,'31','2019-07-24',4,0,0,'57,56,67,84',0,'2019-07-29 09:15:02','2019-07-29 12:28:01',0,NULL,NULL,NULL,NULL,NULL,NULL,NULL,NULL,NULL,NULL,0),
	(1865,1,'BM1627530',229,'brand2','masterproduct2','part2','31','13',NULL,NULL,NULL,NULL,NULL,NULL,NULL,NULL,NULL,NULL,NULL,NULL,NULL,NULL,NULL,NULL,NULL,NULL,NULL,NULL,NULL,NULL,NULL,NULL,NULL,NULL,NULL,NULL,NULL,NULL,NULL,NULL,NULL,NULL,NULL,NULL,NULL,NULL,NULL,NULL,NULL,NULL,NULL,NULL,NULL,'13','2019-07-30',4,0,0,'57,56,67,84',0,'2019-07-29 12:29:52','2019-07-29 12:29:52',0,'1564367392.png',NULL,NULL,NULL,NULL,NULL,NULL,NULL,NULL,NULL,0),
	(1866,1,'BX7594603',228,'44','123','2','123','','123','2313','132','123','',NULL,NULL,NULL,NULL,NULL,NULL,NULL,NULL,NULL,NULL,NULL,NULL,NULL,NULL,NULL,NULL,NULL,NULL,NULL,NULL,NULL,NULL,NULL,NULL,NULL,NULL,NULL,NULL,NULL,NULL,NULL,NULL,NULL,NULL,NULL,NULL,NULL,NULL,NULL,NULL,'123','2019-07-24',4,0,0,'57,56,67,84',0,'2019-07-29 16:16:26','2019-07-29 16:16:26',0,NULL,NULL,NULL,NULL,NULL,NULL,NULL,NULL,NULL,NULL,0),
	(1867,1,'BO8932104',229,'brand1','masterprodut1','part1','13','',NULL,NULL,NULL,NULL,NULL,NULL,NULL,NULL,NULL,NULL,NULL,NULL,NULL,NULL,NULL,NULL,NULL,NULL,NULL,NULL,NULL,NULL,NULL,NULL,NULL,NULL,NULL,NULL,NULL,NULL,NULL,NULL,NULL,NULL,NULL,NULL,NULL,NULL,NULL,NULL,NULL,NULL,NULL,NULL,NULL,'13','2019-07-17',4,0,0,'57,56,67,84',0,'2019-07-31 09:15:42','2019-07-31 09:15:42',0,'1564528542.png',NULL,NULL,NULL,NULL,NULL,NULL,NULL,NULL,NULL,0),
	(1868,1,'BH2716359',229,'123','1290','123','13','',NULL,NULL,NULL,NULL,NULL,NULL,NULL,NULL,NULL,NULL,NULL,NULL,NULL,NULL,NULL,NULL,NULL,NULL,NULL,NULL,NULL,NULL,NULL,NULL,NULL,NULL,NULL,NULL,NULL,NULL,NULL,NULL,NULL,NULL,NULL,NULL,NULL,NULL,NULL,NULL,NULL,NULL,NULL,NULL,NULL,'13','2019-07-30',4,0,0,'57,56,67,84',0,'2019-07-31 09:56:48','2019-07-31 09:56:48',0,NULL,NULL,NULL,NULL,NULL,NULL,NULL,NULL,NULL,NULL,0),
	(1869,1,'BN9461230',228,'13','123','213','123','zz','123','2313','132','123','cc',NULL,NULL,NULL,NULL,NULL,NULL,NULL,NULL,NULL,NULL,NULL,NULL,NULL,NULL,NULL,NULL,NULL,NULL,NULL,NULL,NULL,NULL,NULL,NULL,NULL,NULL,NULL,NULL,NULL,NULL,NULL,NULL,NULL,NULL,NULL,NULL,NULL,NULL,NULL,NULL,'1','2019-07-30',4,0,0,'57,56,67,84',0,'2019-07-31 10:01:38','2019-07-31 10:01:38',0,NULL,NULL,NULL,NULL,NULL,NULL,NULL,NULL,NULL,NULL,0),
	(1870,1,'BD9340786',229,'123','1290','123','3','',NULL,NULL,NULL,NULL,NULL,NULL,NULL,NULL,NULL,NULL,NULL,NULL,NULL,NULL,NULL,NULL,NULL,NULL,NULL,NULL,NULL,NULL,NULL,NULL,NULL,NULL,NULL,NULL,NULL,NULL,NULL,NULL,NULL,NULL,NULL,NULL,NULL,NULL,NULL,NULL,NULL,NULL,NULL,NULL,NULL,'13','2019-07-31',4,0,0,'57,56,67,84',0,'2019-07-31 10:31:51','2019-07-31 10:31:51',0,NULL,NULL,NULL,NULL,NULL,NULL,NULL,NULL,NULL,NULL,0),
	(1871,1,'BC7984106',229,'123','1290','123','13','13',NULL,NULL,NULL,NULL,NULL,NULL,NULL,NULL,NULL,NULL,NULL,NULL,NULL,NULL,NULL,NULL,NULL,NULL,NULL,NULL,NULL,NULL,NULL,NULL,NULL,NULL,NULL,NULL,NULL,NULL,NULL,NULL,NULL,NULL,NULL,NULL,NULL,NULL,NULL,NULL,NULL,NULL,NULL,NULL,NULL,'13','2019-07-31',4,0,0,'57,56,67,84',0,'2019-07-31 10:35:15','2019-07-31 10:35:15',0,NULL,NULL,NULL,NULL,NULL,NULL,NULL,NULL,NULL,NULL,0),
	(1872,1,'BZ2709458',229,'123','1290','123','456','','123','2313','132','142','','fakeb2','machinery2','fakep2','24','',NULL,NULL,NULL,NULL,NULL,NULL,NULL,NULL,NULL,NULL,NULL,NULL,NULL,NULL,NULL,NULL,NULL,NULL,NULL,NULL,NULL,NULL,NULL,NULL,NULL,NULL,NULL,NULL,NULL,NULL,NULL,NULL,NULL,NULL,NULL,'24','2019-07-23',4,0,0,'57,56,67,84',0,'2019-07-31 10:52:57','2019-07-31 10:52:57',0,NULL,NULL,NULL,NULL,NULL,NULL,NULL,NULL,NULL,NULL,0),
	(1873,1,'BO6709238',229,'brand2','masterproduct2','part2','13','13','brand3','masterproduct3','part3','13','13',NULL,NULL,NULL,NULL,NULL,NULL,NULL,NULL,NULL,NULL,NULL,NULL,NULL,NULL,NULL,NULL,NULL,NULL,NULL,NULL,NULL,NULL,NULL,NULL,NULL,NULL,NULL,NULL,NULL,NULL,NULL,NULL,NULL,NULL,NULL,NULL,NULL,NULL,NULL,NULL,'13','2019-07-31',4,0,0,'57,56,67,84',0,'2019-07-31 11:42:00','2019-07-31 11:42:00',0,NULL,NULL,NULL,NULL,NULL,NULL,NULL,NULL,NULL,NULL,0),
	(1874,1,'BL6041239',229,'brand1','masterprodut1','part1','13','','11','masterprodut1','3','13','','123','1290','123','31','','fakeb','machinery1','fakep','1311','','brand1','masterprodut1','part1','313','','11','masterprodut1','3','13','','brand2','masterproduct2','part2','13','','fakeb','machinery1','fakep','13','','24','13','56','13','','44','masterproduct3','34','13','','13','2019-08-14',4,0,0,'57,56,67,84',0,'2019-08-01 16:42:02','2019-08-01 16:42:02',0,NULL,NULL,NULL,NULL,NULL,NULL,NULL,NULL,NULL,NULL,0),
	(1875,1,'BG7923186',228,'11','masterprodut1','3','11','about the product 1','brand2','pump','123','2','about the product 2','brand 3','product3','123','3','note 3',NULL,NULL,NULL,NULL,NULL,NULL,NULL,NULL,NULL,NULL,NULL,NULL,NULL,NULL,NULL,NULL,NULL,NULL,NULL,NULL,NULL,NULL,NULL,NULL,NULL,NULL,NULL,NULL,NULL,NULL,NULL,NULL,NULL,NULL,NULL,'please use au post','2019-08-27',4,0,0,'57,56,67,84',0,'2019-08-05 15:43:33','2019-08-16 15:39:32',0,'1564983813.png',NULL,NULL,NULL,NULL,NULL,NULL,NULL,NULL,NULL,0),
	(1876,57,'BZ317948352',4,'123','123','123','123','123',NULL,NULL,NULL,NULL,NULL,NULL,NULL,NULL,NULL,NULL,NULL,NULL,NULL,NULL,NULL,NULL,NULL,NULL,NULL,NULL,NULL,NULL,NULL,NULL,NULL,NULL,NULL,NULL,NULL,NULL,NULL,NULL,NULL,NULL,NULL,NULL,NULL,NULL,NULL,NULL,NULL,NULL,NULL,NULL,NULL,'123','2019-08-21',9,0,0,'1,8,37,40,55,56,58,67,84',0,'2019-08-19 10:54:48','2019-08-19 10:54:48',0,NULL,NULL,NULL,NULL,NULL,NULL,NULL,NULL,NULL,NULL,0),
	(1877,1,'BB3406528',229,'brand2','masterproduct2','part2','13','13',NULL,NULL,NULL,NULL,NULL,NULL,NULL,NULL,NULL,NULL,NULL,NULL,NULL,NULL,NULL,NULL,NULL,NULL,NULL,NULL,NULL,NULL,NULL,NULL,NULL,NULL,NULL,NULL,NULL,NULL,NULL,NULL,NULL,NULL,NULL,NULL,NULL,NULL,NULL,NULL,NULL,NULL,NULL,NULL,NULL,'13','2019-08-29',4,0,0,'57,56,67,84',0,'2019-08-19 11:05:06','2019-08-19 11:05:06',0,NULL,NULL,NULL,NULL,NULL,NULL,NULL,NULL,NULL,NULL,0),
	(1878,1,'BY7582409',229,'brand2','masterproduct2','part2','56','123',NULL,NULL,NULL,NULL,NULL,NULL,NULL,NULL,NULL,NULL,NULL,NULL,NULL,NULL,NULL,NULL,NULL,NULL,NULL,NULL,NULL,NULL,NULL,NULL,NULL,NULL,NULL,NULL,NULL,NULL,NULL,NULL,NULL,NULL,NULL,NULL,NULL,NULL,NULL,NULL,NULL,NULL,NULL,NULL,NULL,'123','2019-08-28',4,0,0,'57,56,67,84',0,'2019-08-19 11:36:04','2019-08-19 11:36:04',0,NULL,NULL,NULL,NULL,NULL,NULL,NULL,NULL,NULL,NULL,0),
	(1879,56,'BA312063917',222,'123','123','123','123','13',NULL,NULL,NULL,NULL,NULL,NULL,NULL,NULL,NULL,NULL,NULL,NULL,NULL,NULL,NULL,NULL,NULL,NULL,NULL,NULL,NULL,NULL,NULL,NULL,NULL,NULL,NULL,NULL,NULL,NULL,NULL,NULL,NULL,NULL,NULL,NULL,NULL,NULL,NULL,NULL,NULL,NULL,NULL,NULL,NULL,'123','2019-08-28',3,0,0,'57,67,84',0,'2019-08-19 11:54:58','2019-08-19 11:54:58',0,NULL,NULL,NULL,NULL,NULL,NULL,NULL,NULL,NULL,NULL,0),
	(1880,1,'BH0492316',229,'brand2','masterproduct2','part2','123','123','44','masterproduct3','34','123','123','brand2','masterproduct2','part2','123','12',NULL,NULL,NULL,NULL,NULL,NULL,NULL,NULL,NULL,NULL,NULL,NULL,NULL,NULL,NULL,NULL,NULL,NULL,NULL,NULL,NULL,NULL,NULL,NULL,NULL,NULL,NULL,NULL,NULL,NULL,NULL,NULL,NULL,NULL,NULL,'123','2019-08-22',4,0,0,'57,56,67,84',0,'2019-08-21 17:34:34','2019-08-21 17:34:34',0,NULL,NULL,NULL,NULL,NULL,NULL,NULL,NULL,NULL,NULL,0),
	(1881,90,'BY463072689',17,'456','123','789','123','123',NULL,NULL,NULL,NULL,NULL,NULL,NULL,NULL,NULL,NULL,NULL,NULL,NULL,NULL,NULL,NULL,NULL,NULL,NULL,NULL,NULL,NULL,NULL,NULL,NULL,NULL,NULL,NULL,NULL,NULL,NULL,NULL,NULL,NULL,NULL,NULL,NULL,NULL,NULL,NULL,NULL,NULL,NULL,NULL,NULL,'123','2019-08-20',1,0,0,'91',0,'2019-08-26 14:40:46','2019-08-26 14:40:46',0,NULL,NULL,NULL,NULL,NULL,NULL,NULL,NULL,NULL,NULL,0),
	(1882,90,'BW463285401',36,'123','123','123','123','13231',NULL,NULL,NULL,NULL,NULL,NULL,NULL,NULL,NULL,NULL,NULL,NULL,NULL,NULL,NULL,NULL,NULL,NULL,NULL,NULL,NULL,NULL,NULL,NULL,NULL,NULL,NULL,NULL,NULL,NULL,NULL,NULL,NULL,NULL,NULL,NULL,NULL,NULL,NULL,NULL,NULL,NULL,NULL,NULL,NULL,'123','2019-08-28',1,0,0,'91',0,'2019-08-26 14:43:55','2019-08-26 14:43:55',0,NULL,NULL,NULL,NULL,NULL,NULL,NULL,NULL,NULL,NULL,0),
	(1883,98,'BM465028739',42,'123','123','123','123','123',NULL,NULL,NULL,NULL,NULL,NULL,NULL,NULL,NULL,NULL,NULL,NULL,NULL,NULL,NULL,NULL,NULL,NULL,NULL,NULL,NULL,NULL,NULL,NULL,NULL,NULL,NULL,NULL,NULL,NULL,NULL,NULL,NULL,NULL,NULL,NULL,NULL,NULL,NULL,NULL,NULL,NULL,NULL,NULL,NULL,'123','2019-08-15',1,0,0,'91',0,'2019-08-28 10:41:40','2019-08-28 10:41:40',0,NULL,NULL,NULL,NULL,NULL,NULL,NULL,NULL,NULL,NULL,0),
	(1884,98,'BA461796582',42,'123','123','123','123','123',NULL,NULL,NULL,NULL,NULL,NULL,NULL,NULL,NULL,NULL,NULL,NULL,NULL,NULL,NULL,NULL,NULL,NULL,NULL,NULL,NULL,NULL,NULL,NULL,NULL,NULL,NULL,NULL,NULL,NULL,NULL,NULL,NULL,NULL,NULL,NULL,NULL,NULL,NULL,NULL,NULL,NULL,NULL,NULL,NULL,'123','2019-08-15',1,0,0,'91',0,'2019-08-28 10:41:44','2019-08-28 10:41:44',0,NULL,NULL,NULL,NULL,NULL,NULL,NULL,NULL,NULL,NULL,0),
	(1885,98,'BV468253964',42,'123','123','123','123','123',NULL,NULL,NULL,NULL,NULL,NULL,NULL,NULL,NULL,NULL,NULL,NULL,NULL,NULL,NULL,NULL,NULL,NULL,NULL,NULL,NULL,NULL,NULL,NULL,NULL,NULL,NULL,NULL,NULL,NULL,NULL,NULL,NULL,NULL,NULL,NULL,NULL,NULL,NULL,NULL,NULL,NULL,NULL,NULL,NULL,'123','2019-08-15',1,0,0,'91',0,'2019-08-28 10:41:45','2019-08-28 10:41:45',0,NULL,NULL,NULL,NULL,NULL,NULL,NULL,NULL,NULL,NULL,0),
	(1886,98,'BI460165749',42,'123','123','123','123','123',NULL,NULL,NULL,NULL,NULL,NULL,NULL,NULL,NULL,NULL,NULL,NULL,NULL,NULL,NULL,NULL,NULL,NULL,NULL,NULL,NULL,NULL,NULL,NULL,NULL,NULL,NULL,NULL,NULL,NULL,NULL,NULL,NULL,NULL,NULL,NULL,NULL,NULL,NULL,NULL,NULL,NULL,NULL,NULL,NULL,'123','2019-08-15',1,0,0,'91',0,'2019-08-28 10:41:48','2019-08-28 10:41:48',0,NULL,NULL,NULL,NULL,NULL,NULL,NULL,NULL,NULL,NULL,0),
	(1887,98,'BE462591684',42,'123','123','123','123','123',NULL,NULL,NULL,NULL,NULL,NULL,NULL,NULL,NULL,NULL,NULL,NULL,NULL,NULL,NULL,NULL,NULL,NULL,NULL,NULL,NULL,NULL,NULL,NULL,NULL,NULL,NULL,NULL,NULL,NULL,NULL,NULL,NULL,NULL,NULL,NULL,NULL,NULL,NULL,NULL,NULL,NULL,NULL,NULL,NULL,'123','2019-08-15',1,0,0,'91',0,'2019-08-28 10:41:52','2019-08-28 10:41:52',0,NULL,NULL,NULL,NULL,NULL,NULL,NULL,NULL,NULL,NULL,0),
	(1888,98,'BA466410298',42,'123','123','123','123','123',NULL,NULL,NULL,NULL,NULL,NULL,NULL,NULL,NULL,NULL,NULL,NULL,NULL,NULL,NULL,NULL,NULL,NULL,NULL,NULL,NULL,NULL,NULL,NULL,NULL,NULL,NULL,NULL,NULL,NULL,NULL,NULL,NULL,NULL,NULL,NULL,NULL,NULL,NULL,NULL,NULL,NULL,NULL,NULL,NULL,'123','2019-08-15',1,0,0,'91',0,'2019-08-28 10:41:56','2019-08-28 10:41:56',0,NULL,NULL,NULL,NULL,NULL,NULL,NULL,NULL,NULL,NULL,0),
	(1889,98,'BK461589204',41,'123','123','123','123','123',NULL,NULL,NULL,NULL,NULL,NULL,NULL,NULL,NULL,NULL,NULL,NULL,NULL,NULL,NULL,NULL,NULL,NULL,NULL,NULL,NULL,NULL,NULL,NULL,NULL,NULL,NULL,NULL,NULL,NULL,NULL,NULL,NULL,NULL,NULL,NULL,NULL,NULL,NULL,NULL,NULL,NULL,NULL,NULL,NULL,'123','2019-08-28',1,0,0,'91',0,'2019-08-28 11:51:43','2019-08-28 11:51:43',0,NULL,NULL,NULL,NULL,NULL,NULL,NULL,NULL,NULL,NULL,0),
	(1890,98,'BB468537016',43,'56','456','33','231','13',NULL,NULL,NULL,NULL,NULL,NULL,NULL,NULL,NULL,NULL,NULL,NULL,NULL,NULL,NULL,NULL,NULL,NULL,NULL,NULL,NULL,NULL,NULL,NULL,NULL,NULL,NULL,NULL,NULL,NULL,NULL,NULL,NULL,NULL,NULL,NULL,NULL,NULL,NULL,NULL,NULL,NULL,NULL,NULL,NULL,'1','2019-08-29',1,0,0,'91',0,'2019-08-28 11:52:08','2019-08-28 15:33:10',0,NULL,NULL,NULL,NULL,NULL,NULL,NULL,NULL,NULL,NULL,0),
	(1892,98,'BX466805719',42,'123','123','123','123','123',NULL,NULL,NULL,NULL,NULL,NULL,NULL,NULL,NULL,NULL,NULL,NULL,NULL,NULL,NULL,NULL,NULL,NULL,NULL,NULL,NULL,NULL,NULL,NULL,NULL,NULL,NULL,NULL,NULL,NULL,NULL,NULL,NULL,NULL,NULL,NULL,NULL,NULL,NULL,NULL,NULL,NULL,NULL,NULL,NULL,'123','2019-08-29',1,0,0,'91',0,'2019-08-28 15:34:27','2019-08-28 15:34:27',0,NULL,NULL,NULL,NULL,NULL,NULL,NULL,NULL,NULL,NULL,0),
	(1893,98,'BO460572831',42,'123','123','123','132','123','123','123','123','123','123',NULL,NULL,NULL,NULL,NULL,NULL,NULL,NULL,NULL,NULL,NULL,NULL,NULL,NULL,NULL,NULL,NULL,NULL,NULL,NULL,NULL,NULL,NULL,NULL,NULL,NULL,NULL,NULL,NULL,NULL,NULL,NULL,NULL,NULL,NULL,NULL,NULL,NULL,NULL,NULL,'       13123','2019-08-22',1,0,0,'91',0,'2019-08-28 15:35:18','2019-08-28 15:35:38',0,NULL,NULL,NULL,NULL,NULL,NULL,NULL,NULL,NULL,NULL,0),
	(1894,98,'BV465167804',42,'123','123','123','123','123',NULL,NULL,NULL,NULL,NULL,NULL,NULL,NULL,NULL,NULL,NULL,NULL,NULL,NULL,NULL,NULL,NULL,NULL,NULL,NULL,NULL,NULL,NULL,NULL,NULL,NULL,NULL,NULL,NULL,NULL,NULL,NULL,NULL,NULL,NULL,NULL,NULL,NULL,NULL,NULL,NULL,NULL,NULL,NULL,NULL,'123','2019-08-29',1,0,0,'91',0,'2019-08-28 15:36:29','2019-08-28 15:36:29',0,'1566970589.png',NULL,NULL,NULL,NULL,NULL,NULL,NULL,NULL,NULL,0),
	(1895,98,'BW464068215',43,'123','123','123','1441','123',NULL,NULL,NULL,NULL,NULL,NULL,NULL,NULL,NULL,NULL,NULL,NULL,NULL,NULL,NULL,NULL,NULL,NULL,NULL,NULL,NULL,NULL,NULL,NULL,NULL,NULL,NULL,NULL,NULL,NULL,NULL,NULL,NULL,NULL,NULL,NULL,NULL,NULL,NULL,NULL,NULL,NULL,NULL,NULL,NULL,'       123','2019-08-29',1,0,0,'91',0,'2019-08-28 15:36:55','2019-08-28 15:37:10',0,'1566970630.png',NULL,NULL,NULL,NULL,NULL,NULL,NULL,NULL,NULL,0),
	(1896,98,'BB463719854',42,'123','123','123','213','123',NULL,NULL,NULL,NULL,NULL,NULL,NULL,NULL,NULL,NULL,NULL,NULL,NULL,NULL,NULL,NULL,NULL,NULL,NULL,NULL,NULL,NULL,NULL,NULL,NULL,NULL,NULL,NULL,NULL,NULL,NULL,NULL,NULL,NULL,NULL,NULL,NULL,NULL,NULL,NULL,NULL,NULL,NULL,NULL,NULL,'       123','2019-08-30',1,0,0,'91',0,'2019-08-28 15:38:00','2019-08-28 15:38:41',0,'1566970721.png',NULL,NULL,NULL,NULL,NULL,NULL,NULL,NULL,NULL,0),
	(1897,98,'BV461684352',42,'123','123','123','798','13',NULL,NULL,NULL,NULL,NULL,NULL,NULL,NULL,NULL,NULL,NULL,NULL,NULL,NULL,NULL,NULL,NULL,NULL,NULL,NULL,NULL,NULL,NULL,NULL,NULL,NULL,NULL,NULL,NULL,NULL,NULL,NULL,NULL,NULL,NULL,NULL,NULL,NULL,NULL,NULL,NULL,NULL,NULL,NULL,NULL,'123','2019-08-29',1,0,0,'91',0,'2019-08-28 15:52:03','2019-08-28 15:52:03',0,NULL,NULL,NULL,NULL,NULL,NULL,NULL,NULL,NULL,NULL,0),
	(1898,98,'BP469286470',42,'123','123','123','789','123',NULL,NULL,NULL,NULL,NULL,NULL,NULL,NULL,NULL,NULL,NULL,NULL,NULL,NULL,NULL,NULL,NULL,NULL,NULL,NULL,NULL,NULL,NULL,NULL,NULL,NULL,NULL,NULL,NULL,NULL,NULL,NULL,NULL,NULL,NULL,NULL,NULL,NULL,NULL,NULL,NULL,NULL,NULL,NULL,NULL,'123','2019-08-30',1,0,0,'91',0,'2019-08-28 15:52:24','2019-08-28 15:56:10',0,NULL,NULL,NULL,NULL,NULL,NULL,NULL,NULL,NULL,NULL,0),
	(1899,98,'BJ462153604',42,'123','123','123','13','13',NULL,NULL,NULL,NULL,NULL,NULL,NULL,NULL,NULL,NULL,NULL,NULL,NULL,NULL,NULL,NULL,NULL,NULL,NULL,NULL,NULL,NULL,NULL,NULL,NULL,NULL,NULL,NULL,NULL,NULL,NULL,NULL,NULL,NULL,NULL,NULL,NULL,NULL,NULL,NULL,NULL,NULL,NULL,NULL,NULL,'13','2019-08-30',1,0,1,'91',1,'2019-08-28 15:56:43','2019-08-28 16:14:57',0,NULL,NULL,NULL,NULL,NULL,NULL,NULL,NULL,NULL,NULL,0),
	(1900,98,'BA460251694',42,'123','123','123','13','13',NULL,NULL,NULL,NULL,NULL,NULL,NULL,NULL,NULL,NULL,NULL,NULL,NULL,NULL,NULL,NULL,NULL,NULL,NULL,NULL,NULL,NULL,NULL,NULL,NULL,NULL,NULL,NULL,NULL,NULL,NULL,NULL,NULL,NULL,NULL,NULL,NULL,NULL,NULL,NULL,NULL,NULL,NULL,NULL,NULL,'13','2019-08-22',1,0,1,'91',1,'2019-08-28 16:16:49','2019-08-28 16:21:09',0,NULL,NULL,NULL,NULL,NULL,NULL,NULL,NULL,NULL,NULL,0),
	(1901,98,'BU469274561',42,'123','123','123','88','99',NULL,'31',NULL,NULL,NULL,NULL,NULL,NULL,NULL,NULL,NULL,NULL,NULL,NULL,NULL,NULL,NULL,NULL,NULL,NULL,NULL,NULL,NULL,NULL,NULL,NULL,NULL,NULL,NULL,NULL,NULL,NULL,NULL,NULL,NULL,NULL,NULL,NULL,NULL,NULL,NULL,NULL,NULL,NULL,NULL,'8u','2019-08-30',1,0,1,'91',1,'2019-08-28 16:27:55','2019-08-28 17:05:55',0,NULL,NULL,NULL,NULL,NULL,NULL,NULL,NULL,NULL,NULL,0),
	(1902,98,'BR464087231',42,'123','123','123','999','hh',NULL,NULL,NULL,NULL,NULL,NULL,NULL,NULL,NULL,NULL,NULL,NULL,NULL,NULL,NULL,NULL,NULL,NULL,NULL,NULL,NULL,NULL,NULL,NULL,NULL,NULL,NULL,NULL,NULL,NULL,NULL,NULL,NULL,NULL,NULL,NULL,NULL,NULL,NULL,NULL,NULL,NULL,NULL,NULL,NULL,'8uy8','2019-08-30',1,0,0,'91',0,'2019-08-28 17:06:23','2019-08-28 17:06:23',0,NULL,NULL,NULL,NULL,NULL,NULL,NULL,NULL,NULL,NULL,0),
	(1903,98,'BV467034189',42,'123','123','123','89','huuy','123','123','123','88','','123','123','123','99','','123','123','123','89','',NULL,NULL,NULL,NULL,NULL,NULL,NULL,NULL,NULL,NULL,NULL,NULL,NULL,NULL,NULL,NULL,NULL,NULL,NULL,NULL,NULL,NULL,NULL,NULL,NULL,NULL,NULL,NULL,NULL,NULL,'       hyu','2019-08-22',1,0,0,'91',0,'2019-08-28 17:06:52','2019-08-28 17:08:35',0,NULL,NULL,NULL,NULL,NULL,NULL,NULL,NULL,NULL,NULL,0),
	(1904,98,'BO460231846',42,'123','123','123','666','123','41','15','412','31','123',NULL,NULL,NULL,NULL,NULL,NULL,NULL,NULL,NULL,NULL,NULL,NULL,NULL,NULL,NULL,NULL,NULL,NULL,NULL,NULL,NULL,NULL,NULL,NULL,NULL,NULL,NULL,NULL,NULL,NULL,NULL,NULL,NULL,NULL,NULL,NULL,NULL,NULL,NULL,NULL,'123','2019-08-24',1,0,0,'91',0,'2019-08-30 09:47:15','2019-08-30 09:47:15',0,'1567122435.png',NULL,NULL,NULL,NULL,NULL,NULL,NULL,NULL,NULL,0),
	(1905,98,'BJ460938725',42,'123','test order','test123','99','','123','test order 2','414','141','',NULL,NULL,NULL,NULL,NULL,NULL,NULL,NULL,NULL,NULL,NULL,NULL,NULL,NULL,NULL,NULL,NULL,NULL,NULL,NULL,NULL,NULL,NULL,NULL,NULL,NULL,NULL,NULL,NULL,NULL,NULL,NULL,NULL,NULL,NULL,NULL,NULL,NULL,NULL,NULL,'123','2019-08-31',0,0,0,'0',0,'2019-08-30 10:19:28','2019-08-30 10:20:02',0,NULL,NULL,NULL,NULL,NULL,NULL,NULL,NULL,NULL,NULL,0),
	(1906,98,'BO466014328',40,'eqe','test123456','faf','99','123','123','tes2312','31','31','',NULL,NULL,NULL,NULL,NULL,NULL,NULL,NULL,NULL,NULL,NULL,NULL,NULL,NULL,NULL,NULL,NULL,NULL,NULL,NULL,NULL,NULL,NULL,NULL,NULL,NULL,NULL,NULL,NULL,NULL,NULL,NULL,NULL,NULL,NULL,NULL,NULL,NULL,NULL,NULL,'13','2019-08-30',3,0,0,'91,89,93',0,'2019-08-30 10:21:18','2019-08-30 10:21:18',0,NULL,NULL,NULL,NULL,NULL,NULL,NULL,NULL,NULL,NULL,0),
	(1907,98,'BV469385246',42,'cc','seamas','123123','13','EQ','rqr','seamas2','qe','3','13',NULL,NULL,NULL,NULL,NULL,NULL,NULL,NULL,NULL,NULL,NULL,NULL,NULL,NULL,NULL,NULL,NULL,NULL,NULL,NULL,NULL,NULL,NULL,NULL,NULL,NULL,NULL,NULL,NULL,NULL,NULL,NULL,NULL,NULL,NULL,NULL,NULL,NULL,NULL,NULL,'13','2019-08-30',3,0,0,'91,89,93',0,'2019-08-30 10:57:38','2019-08-30 10:57:38',0,NULL,NULL,NULL,NULL,NULL,NULL,NULL,NULL,NULL,NULL,0),
	(1908,98,'BA244753128',38,'13','13','31','13','',NULL,NULL,NULL,NULL,NULL,NULL,NULL,NULL,NULL,NULL,NULL,NULL,NULL,NULL,NULL,NULL,NULL,NULL,NULL,NULL,NULL,NULL,NULL,NULL,NULL,NULL,NULL,NULL,NULL,NULL,NULL,NULL,NULL,NULL,NULL,NULL,NULL,NULL,NULL,NULL,NULL,NULL,NULL,NULL,NULL,'13','2019-09-26',3,0,0,'91,89,93',0,'2019-09-02 15:22:00','2019-09-02 15:22:00',0,'1567401720.png',NULL,NULL,NULL,NULL,NULL,NULL,NULL,NULL,NULL,0),
	(1909,98,'BL244836105',42,'123','123','123','41','','123','123','123','55','',NULL,NULL,NULL,NULL,NULL,NULL,NULL,NULL,NULL,NULL,NULL,NULL,NULL,NULL,NULL,NULL,NULL,NULL,NULL,NULL,NULL,NULL,NULL,NULL,NULL,NULL,NULL,NULL,NULL,NULL,NULL,NULL,NULL,NULL,NULL,NULL,NULL,NULL,NULL,NULL,'123','2019-09-23',3,0,0,'91,89,93',0,'2019-09-03 09:30:45','2019-09-03 09:30:45',0,NULL,NULL,NULL,NULL,NULL,NULL,NULL,NULL,NULL,NULL,0),
	(1910,98,'BV247853610',41,'123','123','123','13','13',NULL,NULL,NULL,NULL,NULL,NULL,NULL,NULL,NULL,NULL,NULL,NULL,NULL,NULL,NULL,NULL,NULL,NULL,NULL,NULL,NULL,NULL,NULL,NULL,NULL,NULL,NULL,NULL,NULL,NULL,NULL,NULL,NULL,NULL,NULL,NULL,NULL,NULL,NULL,NULL,NULL,NULL,NULL,NULL,NULL,'13','2019-09-26',3,0,0,'89,93,91',0,'2019-09-09 13:38:39','2019-09-09 13:38:39',0,NULL,NULL,NULL,NULL,NULL,NULL,NULL,NULL,NULL,NULL,0),
	(1911,98,'BU243294718',36,'41','123','41','22','31','13','123','123','4','123','421','41','421','42','123','41','42','123','412','123',NULL,NULL,NULL,NULL,NULL,NULL,NULL,NULL,NULL,NULL,NULL,NULL,NULL,NULL,NULL,NULL,NULL,NULL,NULL,NULL,NULL,NULL,NULL,NULL,NULL,NULL,NULL,NULL,NULL,NULL,'123','2019-09-23',3,0,0,'89,93,91',0,'2019-09-09 13:39:42','2019-09-09 13:39:42',0,NULL,NULL,NULL,NULL,NULL,NULL,NULL,NULL,NULL,NULL,0),
	(1912,98,'BH243165802',42,'123','123','123','99','123','23','41','32','44','123','5','4','3','213','123',NULL,NULL,NULL,NULL,NULL,NULL,NULL,NULL,NULL,NULL,NULL,NULL,NULL,NULL,NULL,NULL,NULL,NULL,NULL,NULL,NULL,NULL,NULL,NULL,NULL,NULL,NULL,NULL,NULL,NULL,NULL,NULL,NULL,NULL,NULL,'124','2019-09-26',4,0,0,'89,93,91,92',0,'2019-09-09 13:42:15','2019-09-09 13:42:15',0,NULL,NULL,NULL,NULL,NULL,NULL,NULL,NULL,NULL,NULL,0),
	(1913,98,'BW246708943',42,'123','test product 1','123','66','rq','124','test product 2','41','44','123','412','test product 3','124','14','rq','123','test product 4','312','13','1',NULL,NULL,NULL,NULL,NULL,NULL,NULL,NULL,NULL,NULL,NULL,NULL,NULL,NULL,NULL,NULL,NULL,NULL,NULL,NULL,NULL,NULL,NULL,NULL,NULL,NULL,NULL,NULL,NULL,NULL,'412','2019-09-18',4,0,0,'89,93,91,92',0,'2019-09-09 14:03:39','2019-09-09 14:03:39',0,NULL,NULL,NULL,NULL,NULL,NULL,NULL,NULL,NULL,NULL,0),
	(1914,98,'BW240384629',42,'r','42','32','23','123','23','23','24','55','123',NULL,NULL,NULL,NULL,NULL,NULL,NULL,NULL,NULL,NULL,NULL,NULL,NULL,NULL,NULL,NULL,NULL,NULL,NULL,NULL,NULL,NULL,NULL,NULL,NULL,NULL,NULL,NULL,NULL,NULL,NULL,NULL,NULL,NULL,NULL,NULL,NULL,NULL,NULL,NULL,'123','2019-09-25',4,0,0,'89,93,91,92',0,'2019-09-11 16:42:23','2019-09-11 16:42:51',0,NULL,NULL,NULL,NULL,NULL,NULL,NULL,NULL,NULL,NULL,0),
	(1915,98,'BI241793256',35,'123','123','123','123','123',NULL,NULL,NULL,NULL,NULL,NULL,NULL,NULL,NULL,NULL,NULL,NULL,NULL,NULL,NULL,NULL,NULL,NULL,NULL,NULL,NULL,NULL,NULL,NULL,NULL,NULL,NULL,NULL,NULL,NULL,NULL,NULL,NULL,NULL,NULL,NULL,NULL,NULL,NULL,NULL,NULL,NULL,NULL,NULL,NULL,'123','2019-09-26',4,0,1,'89,93,91,92',1,'2019-09-16 10:31:29','2019-09-17 16:06:15',0,NULL,NULL,NULL,NULL,NULL,NULL,NULL,NULL,NULL,NULL,0),
	(1916,98,'BT249470213',42,'r','42','32','123','123',NULL,NULL,NULL,NULL,NULL,NULL,NULL,NULL,NULL,NULL,NULL,NULL,NULL,NULL,NULL,NULL,NULL,NULL,NULL,NULL,NULL,NULL,NULL,NULL,NULL,NULL,NULL,NULL,NULL,NULL,NULL,NULL,NULL,NULL,NULL,NULL,NULL,NULL,NULL,NULL,NULL,NULL,NULL,NULL,NULL,'123','2019-09-26',4,0,0,'89,93,91,92',0,'2019-09-17 11:00:06','2019-09-17 11:00:06',0,NULL,NULL,NULL,NULL,NULL,NULL,NULL,NULL,NULL,NULL,0),
	(1917,98,'BD244578231',42,'r','42','32','13','13',NULL,NULL,NULL,NULL,NULL,NULL,NULL,NULL,NULL,NULL,NULL,NULL,NULL,NULL,NULL,NULL,NULL,NULL,NULL,NULL,NULL,NULL,NULL,NULL,NULL,NULL,NULL,NULL,NULL,NULL,NULL,NULL,NULL,NULL,NULL,NULL,NULL,NULL,NULL,NULL,NULL,NULL,NULL,NULL,NULL,'13','2019-09-26',4,0,0,'89,93,91,92',0,'2019-09-17 12:06:02','2019-09-17 12:06:02',0,NULL,NULL,NULL,NULL,NULL,NULL,NULL,NULL,NULL,NULL,0),
	(1918,98,'BG249872541',44,'23','23','24','123','132',NULL,NULL,NULL,NULL,NULL,NULL,NULL,NULL,NULL,NULL,NULL,NULL,NULL,NULL,NULL,NULL,NULL,NULL,NULL,NULL,NULL,NULL,NULL,NULL,NULL,NULL,NULL,NULL,NULL,NULL,NULL,NULL,NULL,NULL,NULL,NULL,NULL,NULL,NULL,NULL,NULL,NULL,NULL,NULL,NULL,'13','2019-10-03',5,0,0,',89,93,91,92',0,'2019-09-17 15:38:46','2019-09-17 15:38:46',0,NULL,NULL,NULL,NULL,NULL,NULL,NULL,NULL,NULL,NULL,0),
	(1919,98,'BP241056274',44,'23','23','24','123','123',NULL,NULL,NULL,NULL,NULL,NULL,NULL,NULL,NULL,NULL,NULL,NULL,NULL,NULL,NULL,NULL,NULL,NULL,NULL,NULL,NULL,NULL,NULL,NULL,NULL,NULL,NULL,NULL,NULL,NULL,NULL,NULL,NULL,NULL,NULL,NULL,NULL,NULL,NULL,NULL,NULL,NULL,NULL,NULL,NULL,'123','2019-09-12',5,0,1,',89,93,91,92',1,'2019-09-17 16:06:51','2019-09-17 16:07:02',0,NULL,NULL,NULL,NULL,NULL,NULL,NULL,NULL,NULL,NULL,0),
	(1920,98,'BI247513486',42,'JH brand','Oak trees','32655','99','I want a good one','qwe','Timber 2','q','33','123',NULL,NULL,NULL,NULL,NULL,NULL,NULL,NULL,NULL,NULL,NULL,NULL,NULL,NULL,NULL,NULL,NULL,NULL,NULL,NULL,NULL,NULL,NULL,NULL,NULL,NULL,NULL,NULL,NULL,NULL,NULL,NULL,NULL,NULL,NULL,NULL,NULL,NULL,NULL,NULL,'       123','2019-09-23',4,0,0,'89,93,91,92',0,'2019-09-19 11:42:58','2019-09-19 11:43:24',0,NULL,NULL,NULL,NULL,NULL,NULL,NULL,NULL,NULL,NULL,0),
	(1921,98,'BI242078169',42,'JH brand','Oak trees','32655','12','good asd','qwe','timber 2','1234','12','product2 note',NULL,NULL,NULL,NULL,NULL,NULL,NULL,NULL,NULL,NULL,NULL,NULL,NULL,NULL,NULL,NULL,NULL,NULL,NULL,NULL,NULL,NULL,NULL,NULL,NULL,NULL,NULL,NULL,NULL,NULL,NULL,NULL,NULL,NULL,NULL,NULL,NULL,NULL,NULL,NULL,'       qwe','2019-09-25',4,0,0,'89,93,91,92',0,'2019-09-19 13:08:45','2019-09-19 13:09:28',0,NULL,NULL,NULL,NULL,NULL,NULL,NULL,NULL,NULL,NULL,0);

/*!40000 ALTER TABLE `buyer_orders` ENABLE KEYS */;
UNLOCK TABLES;


# Dump of table category
# ------------------------------------------------------------

DROP TABLE IF EXISTS `category`;

CREATE TABLE `category` (
  `id` int(255) NOT NULL AUTO_INCREMENT,
  `name` varchar(255) NOT NULL,
  `user_id` varchar(255) NOT NULL,
  `status` enum('1','0') NOT NULL DEFAULT '0',
  `created_at` timestamp NOT NULL DEFAULT CURRENT_TIMESTAMP,
  `updated_at` datetime NOT NULL DEFAULT CURRENT_TIMESTAMP,
  `super_cat_id` int(11) DEFAULT NULL,
  PRIMARY KEY (`id`)
) ENGINE=InnoDB DEFAULT CHARSET=latin1;

LOCK TABLES `category` WRITE;
/*!40000 ALTER TABLE `category` DISABLE KEYS */;

INSERT INTO `category` (`id`, `name`, `user_id`, `status`, `created_at`, `updated_at`, `super_cat_id`)
VALUES
	(1,'Hotels & Accommodation','1','1','2018-08-04 22:04:39','2018-08-04 12:04:39',1),
	(2,'Agricultural and Horticultural Chemicals','1','1','2018-08-04 22:07:46','2018-08-04 12:07:46',2),
	(3,'Stockyards & Equipment','1','1','2018-08-04 22:08:24','2018-08-04 12:08:24',3),
	(4,'Agricultural and Horticulture Machinery and Equipment','1','1','2018-08-04 22:08:48','2018-08-04 12:08:48',3),
	(5,'Agricultural and Horticulture Packaging and Pallets','1','1','2018-08-04 22:08:48','2018-08-04 12:08:48',3),
	(6,'Agricultural Vehicles and Bikes','1','1','2018-08-04 22:08:48','2018-08-04 12:08:48',3),
	(7,'Fences/Gates/Grids','1','1','2018-08-04 22:15:57','2018-08-04 12:15:57',3),
	(8,'Hand tools and Heavy Duty tools','1','1','2018-08-04 22:29:14','2018-08-04 12:29:14',3),
	(9,'Hire Equipment','1','1','2018-08-04 22:29:49','2018-08-04 12:29:49',3),
	(10,'Hydroponic Supplies & Equipments','1','1','2018-08-04 22:30:39','2018-08-04 12:30:39',3),
	(11,'Oils and Lubricants','1','1','2018-08-04 22:31:07','2018-08-04 12:31:07',3),
	(12,'Refrigeration and Cold Rooms and air conditioning ','1','1','2018-08-04 22:32:03','2018-08-04 12:32:03',3),
	(13,'Farm Sheds & Silos','1','1','2018-08-04 22:32:32','2018-08-04 12:32:32',3),
	(14,'Aircraft and Helicopter','1','1','2018-08-04 22:32:50','2018-08-04 12:32:50',3),
	(15,'Hire Trucks/Vehicles','1','1','2018-08-04 22:33:24','2018-08-04 12:33:24',3),
	(16,'Earth moving Services','1','1','2018-08-04 22:33:50','2018-08-04 12:33:50',3),
	(17,'Fuel Storage Tanks & Supply','1','1','2018-08-04 22:34:24','2018-08-04 12:34:24',3),
	(18,'Feed/Water Troughs and Tubs','1','1','2018-08-04 22:36:38','2018-08-04 12:36:38',3),
	(19,'Aquaculture and Fisheries','1','1','2018-08-04 22:37:05','2018-08-04 12:37:05',4),
	(20,'Stock Feeds, Fodder & Supplements','1','1','2018-08-04 22:37:26','2018-08-04 12:37:26',4),
	(21,'Horse Thoroughbred/Others','1','1','2018-08-04 22:37:26','2018-08-04 12:37:26',4),
	(22,'Horse/Cattle Tack and Saddlery','1','1','2018-08-04 22:38:06','2018-08-04 12:38:06',4),
	(23,'Livestock','1','1','2018-08-04 22:38:27','2018-08-04 12:38:27',4),
	(24,'Livestock Veterinary Supplies & Instruments','1','1','2018-08-04 22:38:52','2018-08-04 12:38:52',4),
	(25,'Building Equipment & Supplies','1','1','2018-08-04 22:40:03','2018-08-04 12:40:03',5),
	(26,'Cleaning & Sanitation Supplies','1','1','2018-08-04 22:40:03','2018-08-04 12:40:03',6),
	(27,'Electrical Supplies','1','1','2018-08-04 22:40:03','2018-08-04 12:40:03',7),
	(28,'Bulk Power Supply','1','1','2018-08-04 22:40:23','2018-08-04 12:40:23',7),
	(29,'Solar Power Supplies','1','1','2018-08-04 22:40:44','2018-08-04 12:40:44',7),
	(30,'Insurance Services','1','1','2018-08-04 22:41:02','2018-08-04 12:41:02',8),
	(31,'Accounting and Legal services','1','1','2018-08-04 22:41:26','2018-08-04 12:41:26',8),
	(32,'Banks and Financial Services','1','1','2018-08-04 22:41:49','2018-08-04 12:41:49',8),
	(33,'Turf & Lawn Suppliers','1','1','2018-09-04 14:01:05','2018-09-04 04:01:05',9),
	(34,'Nursery','1','1','2018-09-04 14:02:17','2018-09-04 04:02:17',9),
	(35,'Irrigation & Reticulation Supplies','1','1','2018-09-04 14:07:43','2018-09-04 04:07:43',10),
	(36,'Water Storage Tanks','1','1','2018-09-04 14:08:25','2018-09-04 04:08:25',10),
	(37,'Farm labour and contractors hire','1','1','2018-09-04 14:09:49','2018-09-04 04:09:49',11),
	(38,'Landscape Supplies','1','1','2018-09-04 14:10:29','2018-09-04 04:10:29',12),
	(39,'Mobile Phone Services','1','1','2018-09-04 14:21:24','2018-09-04 04:21:24',13),
	(40,'Office Supplies','1','1','2018-09-04 14:31:19','2018-09-04 04:31:19',14),
	(41,'Personal Protective Equipment','1','1','2018-09-04 14:31:19','2018-09-04 04:31:19',15),
	(42,'Timber Supplies & Equipment','1','1','2018-09-04 14:31:19','2018-09-04 04:31:19',16),
	(43,' tradesperson services','1','1','2018-09-04 14:43:48','2018-09-04 04:43:48',17),
	(44,'Transport and Freight Services','1','1','2018-09-04 14:44:47','2018-09-04 04:44:47',18);

/*!40000 ALTER TABLE `category` ENABLE KEYS */;
UNLOCK TABLES;


# Dump of table chat
# ------------------------------------------------------------

DROP TABLE IF EXISTS `chat`;

CREATE TABLE `chat` (
  `id` int(255) NOT NULL AUTO_INCREMENT,
  `from` varchar(255) DEFAULT NULL,
  `to` varchar(255) DEFAULT NULL,
  `message` text,
  `updated_at` timestamp NOT NULL DEFAULT CURRENT_TIMESTAMP,
  `recived` enum('0','1') NOT NULL DEFAULT '0',
  `requestId` varchar(255) DEFAULT NULL,
  `send` datetime(6) DEFAULT NULL,
  PRIMARY KEY (`id`)
) ENGINE=InnoDB DEFAULT CHARSET=latin1;

LOCK TABLES `chat` WRITE;
/*!40000 ALTER TABLE `chat` DISABLE KEYS */;

INSERT INTO `chat` (`id`, `from`, `to`, `message`, `updated_at`, `recived`, `requestId`, `send`)
VALUES
	(60,'17','17','hiii','2018-08-13 17:25:25','0','4','2018-08-13 07:25:25.000000'),
	(61,'17','17','hello','2018-08-13 17:25:31','0','4','2018-08-13 07:25:31.000000'),
	(62,'17','17','hows u','2018-08-13 17:25:39','0','4','2018-08-13 07:25:39.000000'),
	(63,'17','17','m fine','2018-08-13 17:25:44','0','4','2018-08-13 07:25:44.000000'),
	(64,'17','17','greate to see u','2018-08-13 17:25:54','0','4','2018-08-13 07:25:54.000000'),
	(65,'17','17','please reply','2018-08-13 17:26:02','0','4','2018-08-13 07:26:02.000000'),
	(73,'1','17','ok','2018-08-13 17:47:00','0','4','2018-08-13 07:47:00.000000'),
	(74,'17','1','kii','2018-08-13 21:01:54','0','4','2018-08-13 11:01:54.000000'),
	(75,'1','17','ggg','2018-08-13 21:02:19','0','4','2018-08-13 11:02:19.000000'),
	(76,'8','17','hii\n\nhow\nare\nu\n?\n','2018-08-13 22:48:36','0','4','2018-08-13 12:48:36.000000'),
	(77,'8','17','where','2018-08-13 22:48:47','0','4','2018-08-13 12:48:47.000000'),
	(78,'8','17','do','2018-08-13 22:48:51','0','4','2018-08-13 12:48:51.000000'),
	(79,'8','17','you','2018-08-13 22:48:59','0','4','2018-08-13 12:48:59.000000'),
	(80,'8','17','live','2018-08-13 22:49:09','0','4','2018-08-13 12:49:09.000000'),
	(81,'8','17','i','2018-08-13 22:49:18','0','4','2018-08-13 12:49:18.000000'),
	(82,'8','17','m','2018-08-13 22:49:20','0','4','2018-08-13 12:49:20.000000'),
	(83,'8','17','here','2018-08-13 22:49:25','0','4','2018-08-13 12:49:25.000000'),
	(84,'8','17','how','2018-08-13 22:54:51','0','4','2018-08-13 12:54:51.000000'),
	(85,'17','17','hello','2018-08-16 15:28:49','0','4','2018-08-16 05:28:49.000000');

/*!40000 ALTER TABLE `chat` ENABLE KEYS */;
UNLOCK TABLES;


# Dump of table color
# ------------------------------------------------------------

DROP TABLE IF EXISTS `color`;

CREATE TABLE `color` (
  `id` int(11) NOT NULL AUTO_INCREMENT,
  `name` varchar(255) NOT NULL,
  `created_at` datetime NOT NULL DEFAULT CURRENT_TIMESTAMP,
  PRIMARY KEY (`id`)
) ENGINE=InnoDB DEFAULT CHARSET=latin1;

LOCK TABLES `color` WRITE;
/*!40000 ALTER TABLE `color` DISABLE KEYS */;

INSERT INTO `color` (`id`, `name`, `created_at`)
VALUES
	(1,'Blue','2018-10-16 00:00:00'),
	(2,'Red','2018-10-16 06:06:08'),
	(3,'Green','2018-10-16 04:16:14'),
	(4,'Yellow','2018-10-16 05:17:18'),
	(5,'Pink','2018-10-16 03:08:08'),
	(6,'Black','2018-10-16 03:08:08'),
	(7,'White','2018-10-16 04:15:11'),
	(8,'Orange','2018-10-16 04:11:11'),
	(9,'Grey','2018-10-16 06:10:12');

/*!40000 ALTER TABLE `color` ENABLE KEYS */;
UNLOCK TABLES;


# Dump of table contact
# ------------------------------------------------------------

DROP TABLE IF EXISTS `contact`;

CREATE TABLE `contact` (
  `id` int(255) NOT NULL AUTO_INCREMENT,
  `name` varchar(255) DEFAULT NULL,
  `email` varchar(255) DEFAULT NULL,
  `phone` varchar(255) DEFAULT NULL,
  `message` varchar(255) DEFAULT NULL,
  `created_at` timestamp NOT NULL DEFAULT CURRENT_TIMESTAMP ON UPDATE CURRENT_TIMESTAMP,
  PRIMARY KEY (`id`)
) ENGINE=InnoDB DEFAULT CHARSET=latin1;

LOCK TABLES `contact` WRITE;
/*!40000 ALTER TABLE `contact` DISABLE KEYS */;

INSERT INTO `contact` (`id`, `name`, `email`, `phone`, `message`, `created_at`)
VALUES
	(1,'hansa','hansa.kumari@a1professionals.info','3243242343242','message here','2018-08-09 20:40:56'),
	(2,'dgdfg','dgfdfg@gmail.com','dsfsfsfd','asdf','2019-05-16 16:25:46');

/*!40000 ALTER TABLE `contact` ENABLE KEYS */;
UNLOCK TABLES;


# Dump of table feedback
# ------------------------------------------------------------

DROP TABLE IF EXISTS `feedback`;

CREATE TABLE `feedback` (
  `id` int(11) NOT NULL AUTO_INCREMENT,
  `order_id` int(11) DEFAULT NULL,
  `rate` varchar(255) DEFAULT NULL,
  `star_rating` varchar(255) DEFAULT NULL,
  `status` varchar(255) DEFAULT '0',
  `user_id` int(11) DEFAULT NULL,
  PRIMARY KEY (`id`)
) ENGINE=InnoDB DEFAULT CHARSET=latin1;

LOCK TABLES `feedback` WRITE;
/*!40000 ALTER TABLE `feedback` DISABLE KEYS */;

INSERT INTO `feedback` (`id`, `order_id`, `rate`, `star_rating`, `status`, `user_id`)
VALUES
	(41,1911,'123','5','1',98),
	(42,1918,'123','5','1',98),
	(43,1920,'13','5','1',98),
	(44,1921,'wer','5','1',98);

/*!40000 ALTER TABLE `feedback` ENABLE KEYS */;
UNLOCK TABLES;


# Dump of table master_list
# ------------------------------------------------------------

DROP TABLE IF EXISTS `master_list`;

CREATE TABLE `master_list` (
  `master_id` int(255) NOT NULL AUTO_INCREMENT,
  `user_id` int(255) NOT NULL,
  `product_assign_category` int(255) NOT NULL COMMENT 'selected product  type category',
  `brand_name` varchar(255) DEFAULT NULL,
  `order_name` varchar(255) DEFAULT NULL,
  `part_number` varchar(255) DEFAULT NULL,
  `created_at` timestamp NOT NULL DEFAULT CURRENT_TIMESTAMP,
  `updated_at` timestamp NOT NULL DEFAULT CURRENT_TIMESTAMP ON UPDATE CURRENT_TIMESTAMP,
  PRIMARY KEY (`master_id`)
) ENGINE=InnoDB DEFAULT CHARSET=latin1;

LOCK TABLES `master_list` WRITE;
/*!40000 ALTER TABLE `master_list` DISABLE KEYS */;

INSERT INTO `master_list` (`master_id`, `user_id`, `product_assign_category`, `brand_name`, `order_name`, `part_number`, `created_at`, `updated_at`)
VALUES
	(1,98,36,'123','123','123','2019-08-26 14:43:55','2019-09-10 14:27:21'),
	(2,98,33,'42','24','42','2019-08-28 10:21:04','2019-09-10 14:27:34'),
	(3,98,42,'42','3','3','2019-08-28 10:21:04','2019-09-10 14:27:41'),
	(4,98,41,'42','44','24','2019-08-28 10:21:04','2019-09-10 14:27:39'),
	(5,98,42,'JH brand','Oak trees','32655','2019-08-28 10:21:04','2019-09-19 11:40:46'),
	(6,98,44,'23','Transport','24','2019-08-28 10:21:04','2019-09-19 11:40:20'),
	(7,97,31,'','','','2019-08-28 10:23:09','2019-08-28 10:23:09'),
	(8,97,42,'','','','2019-08-28 10:23:09','2019-08-28 10:23:09'),
	(9,97,42,'','','','2019-08-28 10:23:09','2019-08-28 10:23:09'),
	(10,97,41,'','','','2019-08-28 10:23:09','2019-08-28 10:23:09'),
	(11,97,37,'','','','2019-08-28 10:23:09','2019-08-28 10:23:09'),
	(23,99,41,'','','','2019-08-28 16:55:59','2019-08-28 16:55:59'),
	(24,99,42,'','','','2019-08-28 16:55:59','2019-08-28 16:55:59'),
	(25,99,41,'','','','2019-08-28 16:55:59','2019-08-28 16:55:59'),
	(26,99,39,'','','','2019-08-28 16:55:59','2019-08-28 16:55:59'),
	(27,99,40,'','','','2019-08-28 16:55:59','2019-08-28 16:55:59'),
	(28,98,44,'23','23','24','2019-09-17 15:38:46','2019-09-17 15:38:46'),
	(29,98,42,'qwe','Timber 2','q','2019-09-19 11:42:58','2019-09-19 11:42:58');

/*!40000 ALTER TABLE `master_list` ENABLE KEYS */;
UNLOCK TABLES;


# Dump of table notifications
# ------------------------------------------------------------

DROP TABLE IF EXISTS `notifications`;

CREATE TABLE `notifications` (
  `id` int(11) NOT NULL AUTO_INCREMENT,
  `user_id` int(11) DEFAULT NULL,
  `rq_id` int(11) DEFAULT NULL,
  `rq_status` enum('awaiting_result','approved','rejected','dispatched','pending','processed','ordered','completed') DEFAULT NULL,
  `read_status` enum('0','1') NOT NULL DEFAULT '0',
  `created_at` timestamp NOT NULL DEFAULT CURRENT_TIMESTAMP,
  `updated_at` datetime DEFAULT NULL ON UPDATE CURRENT_TIMESTAMP,
  PRIMARY KEY (`id`)
) ENGINE=InnoDB DEFAULT CHARSET=latin1;

LOCK TABLES `notifications` WRITE;
/*!40000 ALTER TABLE `notifications` DISABLE KEYS */;

INSERT INTO `notifications` (`id`, `user_id`, `rq_id`, `rq_status`, `read_status`, `created_at`, `updated_at`)
VALUES
	(1,17,1,'pending','1','2018-08-09 10:00:00','2018-08-17 09:30:35'),
	(2,17,1,'awaiting_result','1','2018-08-09 10:00:00','2018-08-17 09:35:28'),
	(3,17,1,'rejected','1','2018-08-17 17:59:40','2018-08-17 09:39:54'),
	(4,8,0,'rejected','0','2018-08-28 13:30:21',NULL),
	(5,8,0,'rejected','0','2018-08-28 13:35:28',NULL),
	(6,8,0,'rejected','0','2018-09-01 18:12:43',NULL),
	(7,8,25,'rejected','0','2018-10-03 17:59:07',NULL),
	(8,8,25,'rejected','0','2018-10-03 18:03:38',NULL),
	(9,17,25,'rejected','0','2018-10-03 18:11:10',NULL),
	(10,8,25,'rejected','0','2018-10-03 18:11:56',NULL),
	(11,8,25,'rejected','0','2018-10-24 17:04:21',NULL),
	(12,8,25,'rejected','0','2018-10-24 17:04:22',NULL),
	(13,8,25,'rejected','0','2018-10-24 17:04:23',NULL),
	(14,8,25,'rejected','0','2018-10-24 17:04:24',NULL),
	(15,37,112,'rejected','0','2018-10-27 20:05:42',NULL),
	(16,37,112,'rejected','0','2018-10-27 20:05:45',NULL),
	(17,37,121,'rejected','0','2018-10-31 22:27:42',NULL),
	(18,37,113,'rejected','0','2018-10-31 22:27:57',NULL);

/*!40000 ALTER TABLE `notifications` ENABLE KEYS */;
UNLOCK TABLES;


# Dump of table offer_list
# ------------------------------------------------------------

DROP TABLE IF EXISTS `offer_list`;

CREATE TABLE `offer_list` (
  `offer_id` int(255) NOT NULL AUTO_INCREMENT,
  `order_id_fk` varchar(255) NOT NULL DEFAULT '',
  `order_random_id` varchar(255) NOT NULL,
  `buyer_user_id` int(255) NOT NULL,
  `supplier_user_id` int(255) NOT NULL,
  `buyer_notification_to_supplier` int(255) NOT NULL COMMENT '0=> nO NOTIFICATION SEND.1=> SEND NOTIFICATION',
  `offer_sent` int(255) NOT NULL DEFAULT '0' COMMENT 'supplier_offer_sent_to_buyer      1=> waiting buyer response ,2=> Rejected , 3=> selected ,wait agree',
  `request_wait_response_old` int(255) NOT NULL DEFAULT '0' COMMENT 'supplier_make_offer_for_buyer           1=> ACCEPT ,2=> REJECT,3=>WAITING',
  `request_in_supply` int(255) DEFAULT '0' COMMENT '0 =>Finish ,1 =>under supply',
  `created_at` timestamp NOT NULL DEFAULT CURRENT_TIMESTAMP,
  `updated_at` varchar(255) DEFAULT NULL,
  `is_offer_published` int(255) NOT NULL DEFAULT '0',
  `ignoreOffer` int(255) DEFAULT '0',
  PRIMARY KEY (`offer_id`)
) ENGINE=InnoDB DEFAULT CHARSET=latin1 COMMENT='offer_list  is root table ,which help us to manage Supplier will see all New order Request which added via Buyer (Added new Product) ';

LOCK TABLES `offer_list` WRITE;
/*!40000 ALTER TABLE `offer_list` DISABLE KEYS */;

INSERT INTO `offer_list` (`offer_id`, `order_id_fk`, `order_random_id`, `buyer_user_id`, `supplier_user_id`, `buyer_notification_to_supplier`, `offer_sent`, `request_wait_response_old`, `request_in_supply`, `created_at`, `updated_at`, `is_offer_published`, `ignoreOffer`)
VALUES
	(8946,'1868','BH2716359',1,57,1,1,0,0,'2019-07-31 09:56:48',NULL,0,0),
	(8947,'1868','BH2716359',1,56,1,1,0,0,'2019-07-31 09:56:48',NULL,0,0),
	(8948,'1868','BH2716359',1,67,1,1,0,0,'2019-07-31 09:56:48',NULL,0,0),
	(8949,'1868','BH2716359',1,84,1,1,0,0,'2019-07-31 09:56:48',NULL,0,0),
	(8950,'1869','BN9461230',1,57,1,1,0,0,'2019-07-31 10:01:38',NULL,0,0),
	(8951,'1869','BN9461230',1,56,1,1,0,0,'2019-07-31 10:01:38',NULL,0,0),
	(8952,'1869','BN9461230',1,67,1,1,0,0,'2019-07-31 10:01:38',NULL,0,0),
	(8953,'1869','BN9461230',1,84,1,1,0,0,'2019-07-31 10:01:38',NULL,0,0),
	(8954,'1870','BD9340786',1,57,1,1,0,0,'2019-07-31 10:31:51',NULL,0,0),
	(8955,'1870','BD9340786',1,56,1,1,0,0,'2019-07-31 10:31:51',NULL,0,0),
	(8956,'1870','BD9340786',1,67,1,1,0,0,'2019-07-31 10:31:51',NULL,0,0),
	(8957,'1870','BD9340786',1,84,1,1,0,0,'2019-07-31 10:31:51',NULL,0,0),
	(8958,'1871','BC7984106',1,57,1,1,0,0,'2019-07-31 10:35:15',NULL,0,0),
	(8959,'1871','BC7984106',1,56,1,1,0,0,'2019-07-31 10:35:15',NULL,0,0),
	(8960,'1871','BC7984106',1,67,1,1,0,0,'2019-07-31 10:35:15',NULL,0,0),
	(8961,'1871','BC7984106',1,84,1,1,0,0,'2019-07-31 10:35:15',NULL,0,0),
	(8962,'1872','BZ2709458',1,57,1,1,0,0,'2019-07-31 10:52:57',NULL,0,0),
	(8963,'1872','BZ2709458',1,56,1,1,0,0,'2019-07-31 10:52:57',NULL,0,0),
	(8964,'1872','BZ2709458',1,67,1,1,0,0,'2019-07-31 10:52:57',NULL,0,0),
	(8965,'1872','BZ2709458',1,84,1,1,0,0,'2019-07-31 10:52:57',NULL,0,0),
	(8966,'1873','BO6709238',1,57,1,1,0,0,'2019-07-31 11:42:00',NULL,0,0),
	(8967,'1873','BO6709238',1,56,1,1,0,0,'2019-07-31 11:42:00',NULL,0,0),
	(8968,'1873','BO6709238',1,67,1,1,0,0,'2019-07-31 11:42:00',NULL,0,0),
	(8969,'1873','BO6709238',1,84,1,1,0,0,'2019-07-31 11:42:00',NULL,0,0),
	(8970,'1874','BL6041239',1,57,1,1,0,0,'2019-08-01 16:42:02',NULL,0,0),
	(8971,'1874','BL6041239',1,56,1,1,0,0,'2019-08-01 16:42:02',NULL,0,0),
	(8972,'1874','BL6041239',1,67,1,1,0,0,'2019-08-01 16:42:02',NULL,0,0),
	(8973,'1874','BL6041239',1,84,1,1,0,0,'2019-08-01 16:42:02',NULL,0,0),
	(8974,'1875','BG7923186',1,57,1,1,0,0,'2019-08-05 15:43:33',NULL,0,0),
	(8975,'1875','BG7923186',1,56,1,1,0,0,'2019-08-05 15:43:33',NULL,0,0),
	(8976,'1875','BG7923186',1,67,1,1,0,0,'2019-08-05 15:43:33',NULL,0,0),
	(8977,'1875','BG7923186',1,84,1,1,0,0,'2019-08-05 15:43:33',NULL,0,0),
	(8978,'1876','BZ317948352',57,1,1,1,0,0,'2019-08-19 10:54:48',NULL,0,0),
	(8979,'1876','BZ317948352',57,8,1,1,0,0,'2019-08-19 10:54:48',NULL,0,0),
	(8980,'1876','BZ317948352',57,37,1,1,0,0,'2019-08-19 10:54:48',NULL,0,0),
	(8981,'1876','BZ317948352',57,40,1,1,0,0,'2019-08-19 10:54:48',NULL,0,0),
	(8982,'1876','BZ317948352',57,55,1,1,0,0,'2019-08-19 10:54:48',NULL,0,0),
	(8983,'1876','BZ317948352',57,56,1,1,0,0,'2019-08-19 10:54:48',NULL,0,0),
	(8984,'1876','BZ317948352',57,58,1,1,0,0,'2019-08-19 10:54:48',NULL,0,0),
	(8985,'1876','BZ317948352',57,67,1,1,0,0,'2019-08-19 10:54:48',NULL,0,0),
	(8986,'1876','BZ317948352',57,84,1,1,0,0,'2019-08-19 10:54:48',NULL,0,0),
	(8987,'1877','BB3406528',1,57,1,1,0,0,'2019-08-19 11:05:06',NULL,0,0),
	(8988,'1877','BB3406528',1,56,1,1,0,0,'2019-08-19 11:05:06',NULL,0,0),
	(8989,'1877','BB3406528',1,67,1,1,0,0,'2019-08-19 11:05:06',NULL,0,0),
	(8990,'1877','BB3406528',1,84,1,1,0,0,'2019-08-19 11:05:06',NULL,0,0),
	(8991,'1878','BY7582409',1,57,1,1,0,0,'2019-08-19 11:36:04',NULL,0,0),
	(8992,'1878','BY7582409',1,56,1,1,0,0,'2019-08-19 11:36:04',NULL,0,0),
	(8993,'1878','BY7582409',1,67,1,1,0,0,'2019-08-19 11:36:04',NULL,0,0),
	(8994,'1878','BY7582409',1,84,1,1,0,0,'2019-08-19 11:36:04',NULL,0,0),
	(8995,'1879','BA312063917',56,57,1,1,0,0,'2019-08-19 11:54:58',NULL,0,0),
	(8996,'1879','BA312063917',56,67,1,1,0,0,'2019-08-19 11:54:58',NULL,0,0),
	(8997,'1879','BA312063917',56,84,1,1,0,0,'2019-08-19 11:54:58',NULL,0,0),
	(8998,'1880','BH0492316',1,57,1,1,0,0,'2019-08-21 17:34:34',NULL,0,0),
	(8999,'1880','BH0492316',1,56,1,1,0,0,'2019-08-21 17:34:34',NULL,0,0),
	(9000,'1880','BH0492316',1,67,1,1,0,0,'2019-08-21 17:34:34',NULL,0,0),
	(9001,'1880','BH0492316',1,84,1,1,0,0,'2019-08-21 17:34:34',NULL,0,0),
	(9002,'1881','BY463072689',90,91,1,1,0,0,'2019-08-26 14:40:46',NULL,0,0),
	(9003,'1882','BW463285401',90,91,1,1,0,0,'2019-08-26 14:43:55',NULL,0,0),
	(9004,'1883','BM465028739',98,91,1,1,0,0,'2019-08-28 10:41:40',NULL,0,0),
	(9005,'1884','BA461796582',98,91,1,1,0,0,'2019-08-28 10:41:44',NULL,0,0),
	(9006,'1885','BV468253964',98,91,1,1,0,0,'2019-08-28 10:41:45',NULL,0,0),
	(9007,'1886','BI460165749',98,91,1,1,0,0,'2019-08-28 10:41:48',NULL,0,0),
	(9008,'1887','BE462591684',98,91,1,1,0,0,'2019-08-28 10:41:52',NULL,0,0),
	(9009,'1888','BA466410298',98,91,1,1,0,0,'2019-08-28 10:41:56',NULL,0,0),
	(9010,'1889','BK461589204',98,91,1,1,0,0,'2019-08-28 11:51:43',NULL,0,0),
	(9011,'1890','BB468537016',98,91,1,1,0,0,'2019-08-28 11:52:08',NULL,0,0),
	(9012,'1891','BC462967180',98,91,1,1,0,0,'2019-08-28 12:09:18',NULL,0,0),
	(9013,'1892','BX466805719',98,91,1,1,0,0,'2019-08-28 15:34:27',NULL,0,0),
	(9014,'1893','BO460572831',98,91,1,1,0,0,'2019-08-28 15:35:18',NULL,0,0),
	(9015,'1894','BV465167804',98,91,1,1,0,0,'2019-08-28 15:36:29',NULL,0,0),
	(9016,'1895','BW464068215',98,91,1,1,0,0,'2019-08-28 15:36:55',NULL,0,0),
	(9017,'1896','BB463719854',98,91,1,1,0,0,'2019-08-28 15:38:00',NULL,0,0),
	(9018,'1897','BV461684352',98,91,1,1,0,0,'2019-08-28 15:52:03',NULL,0,0),
	(9019,'1898','BP469286470',98,91,1,1,0,0,'2019-08-28 15:52:24',NULL,0,0),
	(9020,'1899','BJ462153604',98,91,1,1,0,0,'2019-08-28 15:56:43',NULL,0,0),
	(9021,'1900','BA460251694',98,91,1,1,0,0,'2019-08-28 16:16:49',NULL,0,0),
	(9022,'1901','BU469274561',98,91,1,1,0,0,'2019-08-28 16:27:55',NULL,0,0),
	(9023,'1902','BR464087231',98,91,1,1,0,0,'2019-08-28 17:06:23',NULL,0,0),
	(9024,'1903','BV467034189',98,91,1,1,0,0,'2019-08-28 17:06:52',NULL,0,0),
	(9025,'1904','BO460231846',98,91,1,1,0,0,'2019-08-30 09:47:15',NULL,0,0),
	(9026,'1905','BJ460938725',98,0,1,1,0,0,'2019-08-30 10:19:28',NULL,0,0),
	(9027,'1906','BO466014328',98,91,1,1,0,0,'2019-08-30 10:21:18',NULL,0,0),
	(9028,'1906','BO466014328',98,89,1,1,0,0,'2019-08-30 10:21:18',NULL,0,0),
	(9029,'1906','BO466014328',98,93,1,1,0,0,'2019-08-30 10:21:18',NULL,0,0),
	(9030,'1907','BV469385246',98,91,1,1,0,0,'2019-08-30 10:57:38',NULL,0,0),
	(9031,'1907','BV469385246',98,89,1,1,0,0,'2019-08-30 10:57:38',NULL,0,0),
	(9032,'1907','BV469385246',98,93,1,1,0,0,'2019-08-30 10:57:38',NULL,0,0),
	(9033,'1908','BA244753128',98,91,1,1,0,0,'2019-09-02 15:22:00',NULL,0,0),
	(9034,'1908','BA244753128',98,89,1,1,0,0,'2019-09-02 15:22:00',NULL,0,0),
	(9035,'1908','BA244753128',98,93,1,1,0,0,'2019-09-02 15:22:00',NULL,0,0),
	(9036,'1909','BL244836105',98,91,1,1,0,0,'2019-09-03 09:30:45',NULL,0,0),
	(9037,'1909','BL244836105',98,89,1,1,0,0,'2019-09-03 09:30:45',NULL,0,0),
	(9038,'1909','BL244836105',98,93,1,1,0,0,'2019-09-03 09:30:45',NULL,0,0),
	(9039,'1910','BV247853610',98,89,1,1,0,0,'2019-09-09 13:38:39',NULL,0,0),
	(9040,'1910','BV247853610',98,93,1,1,0,0,'2019-09-09 13:38:39',NULL,0,0),
	(9041,'1910','BV247853610',98,91,1,1,0,0,'2019-09-09 13:38:39',NULL,0,0),
	(9042,'1911','BU243294718',98,89,1,1,0,0,'2019-09-09 13:39:42',NULL,0,0),
	(9043,'1911','BU243294718',98,93,1,1,0,0,'2019-09-09 13:39:42',NULL,0,0),
	(9044,'1911','BU243294718',98,91,1,1,0,0,'2019-09-09 13:39:42',NULL,0,0),
	(9045,'1912','BH243165802',98,89,1,1,0,0,'2019-09-09 13:42:15',NULL,0,0),
	(9046,'1912','BH243165802',98,93,1,1,0,0,'2019-09-09 13:42:15',NULL,0,0),
	(9047,'1912','BH243165802',98,91,1,1,0,0,'2019-09-09 13:42:15',NULL,0,0),
	(9048,'1912','BH243165802',98,92,1,1,0,0,'2019-09-09 13:42:15',NULL,0,0),
	(9049,'1913','BW246708943',98,89,1,1,0,0,'2019-09-09 14:03:39',NULL,0,0),
	(9050,'1913','BW246708943',98,93,1,1,0,0,'2019-09-09 14:03:39',NULL,0,0),
	(9051,'1913','BW246708943',98,91,1,1,0,0,'2019-09-09 14:03:39',NULL,0,0),
	(9052,'1913','BW246708943',98,92,1,1,0,0,'2019-09-09 14:03:39',NULL,0,0),
	(9053,'1914','BW240384629',98,89,1,1,0,0,'2019-09-11 16:42:23',NULL,0,0),
	(9054,'1914','BW240384629',98,93,1,1,0,0,'2019-09-11 16:42:23',NULL,0,0),
	(9055,'1914','BW240384629',98,91,1,1,0,0,'2019-09-11 16:42:23',NULL,0,0),
	(9056,'1914','BW240384629',98,92,1,1,0,0,'2019-09-11 16:42:23',NULL,0,0),
	(9057,'1915','BI241793256',98,89,1,1,0,0,'2019-09-16 10:31:29',NULL,0,0),
	(9058,'1915','BI241793256',98,93,1,1,0,0,'2019-09-16 10:31:29',NULL,0,0),
	(9059,'1915','BI241793256',98,91,1,1,0,0,'2019-09-16 10:31:29',NULL,0,1),
	(9060,'1915','BI241793256',98,92,1,1,0,0,'2019-09-16 10:31:29',NULL,0,0),
	(9061,'1916','BT249470213',98,89,1,1,0,0,'2019-09-17 11:00:06',NULL,0,0),
	(9062,'1916','BT249470213',98,93,1,1,0,0,'2019-09-17 11:00:06',NULL,0,0),
	(9063,'1916','BT249470213',98,91,1,1,0,0,'2019-09-17 11:00:06',NULL,0,0),
	(9064,'1916','BT249470213',98,92,1,1,0,0,'2019-09-17 11:00:06',NULL,0,0),
	(9065,'1917','BD244578231',98,89,1,1,0,0,'2019-09-17 12:06:02',NULL,0,0),
	(9066,'1917','BD244578231',98,93,1,1,0,0,'2019-09-17 12:06:02',NULL,0,0),
	(9067,'1917','BD244578231',98,91,1,1,0,0,'2019-09-17 12:06:02',NULL,0,0),
	(9068,'1917','BD244578231',98,92,1,1,0,0,'2019-09-17 12:06:02',NULL,0,0),
	(9069,'1918','BG249872541',98,0,1,1,0,0,'2019-09-17 15:38:46',NULL,0,0),
	(9070,'1918','BG249872541',98,89,1,1,0,0,'2019-09-17 15:38:46',NULL,0,0),
	(9071,'1918','BG249872541',98,93,1,1,0,0,'2019-09-17 15:38:46',NULL,0,0),
	(9072,'1918','BG249872541',98,91,1,1,0,0,'2019-09-17 15:38:46',NULL,0,0),
	(9073,'1918','BG249872541',98,92,1,1,0,0,'2019-09-17 15:38:46',NULL,0,0),
	(9074,'1919','BP241056274',98,0,1,1,0,0,'2019-09-17 16:06:51',NULL,0,0),
	(9075,'1919','BP241056274',98,89,1,1,0,0,'2019-09-17 16:06:51',NULL,0,0),
	(9076,'1919','BP241056274',98,93,1,1,0,0,'2019-09-17 16:06:51',NULL,0,0),
	(9077,'1919','BP241056274',98,91,1,1,0,0,'2019-09-17 16:06:51',NULL,0,0),
	(9078,'1919','BP241056274',98,92,1,1,0,0,'2019-09-17 16:06:51',NULL,0,0),
	(9079,'1920','BI247513486',98,89,1,1,0,0,'2019-09-19 11:42:58',NULL,0,0),
	(9080,'1920','BI247513486',98,93,1,1,0,0,'2019-09-19 11:42:58',NULL,0,0),
	(9081,'1920','BI247513486',98,91,1,1,0,0,'2019-09-19 11:42:58',NULL,0,0),
	(9082,'1920','BI247513486',98,92,1,1,0,0,'2019-09-19 11:42:58',NULL,0,0),
	(9083,'1921','BI242078169',98,89,1,1,0,0,'2019-09-19 13:08:45',NULL,0,0),
	(9084,'1921','BI242078169',98,93,1,1,0,0,'2019-09-19 13:08:45',NULL,0,0),
	(9085,'1921','BI242078169',98,91,1,1,0,0,'2019-09-19 13:08:45',NULL,0,0),
	(9086,'1921','BI242078169',98,92,1,1,0,0,'2019-09-19 13:08:45',NULL,0,0);

/*!40000 ALTER TABLE `offer_list` ENABLE KEYS */;
UNLOCK TABLES;


# Dump of table partners_logo
# ------------------------------------------------------------

DROP TABLE IF EXISTS `partners_logo`;

CREATE TABLE `partners_logo` (
  `pl_id` int(11) NOT NULL AUTO_INCREMENT,
  `pl_file_name` varchar(255) NOT NULL,
  `created_at` timestamp NOT NULL DEFAULT CURRENT_TIMESTAMP,
  `updated_at` datetime DEFAULT NULL ON UPDATE CURRENT_TIMESTAMP,
  PRIMARY KEY (`pl_id`)
) ENGINE=InnoDB DEFAULT CHARSET=latin1;

LOCK TABLES `partners_logo` WRITE;
/*!40000 ALTER TABLE `partners_logo` DISABLE KEYS */;

INSERT INTO `partners_logo` (`pl_id`, `pl_file_name`, `created_at`, `updated_at`)
VALUES
	(1,'Partners_logo_2018-08-06_06:36:44_lbb07.png','2018-08-06 16:36:44',NULL);

/*!40000 ALTER TABLE `partners_logo` ENABLE KEYS */;
UNLOCK TABLES;


# Dump of table products
# ------------------------------------------------------------

DROP TABLE IF EXISTS `products`;

CREATE TABLE `products` (
  `id` int(11) NOT NULL AUTO_INCREMENT,
  `product_name` text NOT NULL,
  `category_id` int(11) DEFAULT NULL,
  PRIMARY KEY (`id`),
  KEY `Category_ID` (`category_id`),
  CONSTRAINT `products_ibfk_1` FOREIGN KEY (`category_id`) REFERENCES `category` (`id`)
) ENGINE=InnoDB DEFAULT CHARSET=latin1;

LOCK TABLES `products` WRITE;
/*!40000 ALTER TABLE `products` DISABLE KEYS */;

INSERT INTO `products` (`id`, `product_name`, `category_id`)
VALUES
	(1,'test123',1);

/*!40000 ALTER TABLE `products` ENABLE KEYS */;
UNLOCK TABLES;


# Dump of table request
# ------------------------------------------------------------

DROP TABLE IF EXISTS `request`;

CREATE TABLE `request` (
  `request_id` int(11) NOT NULL AUTO_INCREMENT,
  `product_name` varchar(255) NOT NULL,
  `serial_number` text NOT NULL,
  `size` varchar(255) NOT NULL,
  `color` varchar(255) NOT NULL,
  `quantity` varchar(255) NOT NULL,
  `brands` varchar(255) NOT NULL,
  `category` varchar(255) NOT NULL,
  `types` varchar(255) NOT NULL,
  `descriptions` longtext NOT NULL,
  `date` varchar(255) NOT NULL,
  `user_email` varchar(255) NOT NULL,
  `request_status` varchar(255) NOT NULL DEFAULT '0' COMMENT '1 for accept',
  PRIMARY KEY (`request_id`)
) ENGINE=InnoDB DEFAULT CHARSET=latin1;

LOCK TABLES `request` WRITE;
/*!40000 ALTER TABLE `request` DISABLE KEYS */;

INSERT INTO `request` (`request_id`, `product_name`, `serial_number`, `size`, `color`, `quantity`, `brands`, `category`, `types`, `descriptions`, `date`, `user_email`, `request_status`)
VALUES
	(1,'first product','123456789','5','blue','10','abc','shoe','2','hai this is dummy','2/10/2018','test@gmail.com','0'),
	(2,'first product','123456789','5','blue','10','abc','shoe','2','hai this is dummy','2/10/2018','test@gmail.com','0'),
	(3,'first product','123456789','5','blue','10','abc','shoe','2','hai this is dummy','2/10/2018','test@gmail.com','0'),
	(4,'abc','2','2','white','2','ff','sfs','sds','sddsdqa','2018-09-10','test3@gmail.com','0'),
	(5,'abc','2','2','white','2','ff','sfs','sds','sddsdqa','2018-09-10','test3@gmail.com','0'),
	(6,'abc','2','2','white','2','ff','sfs','sds','sddsdqa','2018-09-10','test3@gmail.com','0'),
	(7,'abc','2','2','white','2','ff','sfs','sds','sddsdqa','2018-09-10','test3@gmail.com','0'),
	(8,'abc','2','2','white','2','ff','sfs','sds','sddsdqa','2018-09-10','test33@gmail.com','0'),
	(9,'abc','2','2','white','2','ff','sfs','sds','sddsdqa','2018-09-10','test33@gmail.com','0'),
	(10,'abjjjc','4','6','black','8','88ff','sf7s','sds66','sddsdqa','2018-09-11','test36@gmail.com','0'),
	(11,'fvgsaf','22','cff','Select Color','55','Select Brands','Select Category','Select Types','ffff','24/11/2018','test3@gmail.com','0'),
	(12,'vb','55','ffr','Select Color','888','Select Brands','Select Category','Select Types','ttg','26/10/2018','test3@gmail.com','0'),
	(13,'ddd','55','ddd','Select Color','58','Select Brands','Select Category','Select Types','xfff','26/10/2018','test3@gmail.com','0'),
	(14,'ll','5555','766','BLACK','88','Cyclone,Herdsman,OK','Cattle, livestock grid','Irrigation','ffggggg','16/11/2018','test3@gmail.com','0'),
	(15,'edfcaf','121','fcf','RED','33','Cyclone,Herdsman,OK','Cattle, livestock grid','Fertilizers','eqdwrd','21/11/2018','test11@gmail.com','0');

/*!40000 ALTER TABLE `request` ENABLE KEYS */;
UNLOCK TABLES;


# Dump of table request_images
# ------------------------------------------------------------

DROP TABLE IF EXISTS `request_images`;

CREATE TABLE `request_images` (
  `image_id` int(11) NOT NULL AUTO_INCREMENT,
  `request_id` int(11) NOT NULL,
  `image` longtext NOT NULL,
  PRIMARY KEY (`image_id`)
) ENGINE=InnoDB DEFAULT CHARSET=latin1;

LOCK TABLES `request_images` WRITE;
/*!40000 ALTER TABLE `request_images` DISABLE KEYS */;

INSERT INTO `request_images` (`image_id`, `request_id`, `image`)
VALUES
	(1,2,'153657780605_cool.jpg'),
	(2,2,'1536577806Beach-exercises.jpg'),
	(3,2,'1536577806Cristiano-Ronaldo-HD-Wallpaper.jpg'),
	(4,3,'153657799805_cool.jpg'),
	(5,3,'1536577998Beach-exercises.jpg'),
	(6,3,'1536577998Cristiano-Ronaldo-HD-Wallpaper.jpg'),
	(7,6,'1536584042profile_img.png'),
	(8,7,'1536584047profile_img.png'),
	(9,8,'1536584055profile_img.png'),
	(10,9,'1536652174close_iconn.png'),
	(11,10,'1536652919close_iconn.png'),
	(12,11,'15366668921536666856723.jpg'),
	(13,12,'15366669831536666918372.jpg'),
	(14,12,'15366669831536666923161.jpg'),
	(15,12,'15366669831536666928002.jpg'),
	(16,12,'15366669831536666934416.jpg'),
	(17,12,'15366669831536666949452.jpg'),
	(18,13,'15366679071536667870344.jpg'),
	(19,14,'15369071731536907105352.jpg'),
	(20,15,'15396707531539670710859.jpg'),
	(21,26,'1539758607Beach-exercises.jpg'),
	(22,26,'153975860720102108_l.jpg'),
	(23,27,'15397698401539769760063.jpg'),
	(24,28,'15397764911539776434017.jpg'),
	(25,28,'15397764911539776439270.jpg'),
	(26,29,'15397779351539777929763.jpg'),
	(27,32,'1540272865download-7.jpeg'),
	(28,32,'1540272865download-3.jpeg'),
	(29,33,'1540273657download-7.jpeg'),
	(30,33,'1540273657download-3.jpeg'),
	(31,34,'1540273710download-7.jpeg'),
	(32,34,'1540273710download-3.jpeg'),
	(33,35,'1540273721download-7.jpeg'),
	(34,35,'1540273721download-3.jpeg'),
	(35,36,'1540273737download-7.jpeg'),
	(36,36,'1540273737download-3.jpeg'),
	(37,37,'1540273744download-7.jpeg'),
	(38,37,'1540273744download-3.jpeg'),
	(39,38,'1540273793download-7.jpeg'),
	(40,38,'1540273793download-3.jpeg'),
	(41,39,'1540273797download-7.jpeg'),
	(42,39,'1540273797download-3.jpeg'),
	(43,40,'1540273870download-7.jpeg'),
	(44,40,'1540273870download-3.jpeg'),
	(45,41,'1540275236download-7.jpeg'),
	(46,41,'1540275236download-3.jpeg'),
	(47,42,'1540275238download-7.jpeg'),
	(48,42,'1540275238download-3.jpeg'),
	(49,43,'1540275255download-7.jpeg'),
	(50,43,'1540275255download-3.jpeg'),
	(51,44,'1540275257download-7.jpeg'),
	(52,44,'1540275257download-3.jpeg'),
	(53,45,'1540275287download-7.jpeg'),
	(54,45,'1540275287download-3.jpeg'),
	(55,46,'1540275312download-7.jpeg'),
	(56,46,'1540275312download-3.jpeg'),
	(57,47,'1540275327download-7.jpeg'),
	(58,47,'1540275327download-3.jpeg'),
	(59,48,'1540275398download-7.jpeg'),
	(60,48,'1540275398download-3.jpeg'),
	(61,49,'1540275470download-7.jpeg'),
	(62,49,'1540275470download-3.jpeg'),
	(63,50,'1540275768download-7.jpeg'),
	(64,50,'1540275768download-3.jpeg'),
	(65,51,'1540275846download-7.jpeg'),
	(66,51,'1540275846download-3.jpeg'),
	(67,52,'1540275958download-7.jpeg'),
	(68,52,'1540275958download-3.jpeg'),
	(69,53,'1540275979download-7.jpeg'),
	(70,53,'1540275979download-3.jpeg'),
	(71,54,'1540275985download-7.jpeg'),
	(72,54,'1540275985download-3.jpeg'),
	(73,55,'1540276095download-7.jpeg'),
	(74,55,'1540276095download-3.jpeg'),
	(75,56,'1540276281download-7.jpeg'),
	(76,56,'1540276281download-3.jpeg'),
	(77,57,'1540276284download-7.jpeg'),
	(78,57,'1540276284download-3.jpeg'),
	(79,58,'1540276470download-7.jpeg'),
	(80,58,'1540276470download-3.jpeg'),
	(81,59,'1540276474download-7.jpeg'),
	(82,59,'1540276474download-3.jpeg'),
	(83,60,'1540276490download-7.jpeg'),
	(84,60,'1540276490download-3.jpeg'),
	(85,61,'1540276534download-7.jpeg'),
	(86,61,'1540276534download-3.jpeg'),
	(87,62,'1540276538download-7.jpeg'),
	(88,62,'1540276538download-3.jpeg'),
	(89,63,'1540276550download-7.jpeg'),
	(90,63,'1540276550download-3.jpeg'),
	(91,64,'1540276592download-7.jpeg'),
	(92,64,'1540276592download-3.jpeg'),
	(93,65,'1540276620download-7.jpeg'),
	(94,65,'1540276620download-3.jpeg'),
	(95,66,'1540276639download-7.jpeg'),
	(96,66,'1540276639download-3.jpeg'),
	(97,67,'1540276726download-7.jpeg'),
	(98,67,'1540276726download-3.jpeg'),
	(99,68,'1540276739download-7.jpeg'),
	(100,68,'1540276739download-3.jpeg'),
	(101,69,'1540276795download-7.jpeg'),
	(102,69,'1540276795download-3.jpeg'),
	(103,70,'1540276912download-7.jpeg'),
	(104,70,'1540276912download-3.jpeg'),
	(105,71,'1540276925download-7.jpeg'),
	(106,71,'1540276925download-3.jpeg'),
	(107,72,'1540276933download-7.jpeg'),
	(108,72,'1540276933download-3.jpeg'),
	(109,73,'1540276956download-7.jpeg'),
	(110,73,'1540276956download-3.jpeg'),
	(111,74,'1540276987download-7.jpeg'),
	(112,74,'1540276987download-3.jpeg'),
	(113,75,'1540277026download-7.jpeg'),
	(114,75,'1540277026download-3.jpeg'),
	(115,76,'1540277059download-7.jpeg'),
	(116,76,'1540277059download-3.jpeg'),
	(117,77,'1540277095download-7.jpeg'),
	(118,77,'1540277095download-3.jpeg'),
	(119,78,'1540277179download-7.jpeg'),
	(120,78,'1540277179download-3.jpeg'),
	(121,79,'1540277183download-7.jpeg'),
	(122,79,'1540277183download-3.jpeg'),
	(123,80,'1540277218download-7.jpeg'),
	(124,80,'1540277218download-3.jpeg'),
	(125,81,'1540277239download-7.jpeg'),
	(126,81,'1540277239download-3.jpeg'),
	(127,82,'1540277258download-7.jpeg'),
	(128,82,'1540277258download-3.jpeg'),
	(129,83,'1540277269download-7.jpeg'),
	(130,83,'1540277269download-3.jpeg'),
	(131,84,'1540277270download-7.jpeg'),
	(132,84,'1540277270download-3.jpeg'),
	(133,85,'1540277296download-7.jpeg'),
	(134,85,'1540277296download-3.jpeg'),
	(135,86,'1540277327download-7.jpeg'),
	(136,86,'1540277327download-3.jpeg'),
	(137,87,'1540277375download-7.jpeg'),
	(138,87,'1540277375download-3.jpeg'),
	(139,88,'1540277430download-7.jpeg'),
	(140,88,'1540277430download-3.jpeg'),
	(141,89,'1540277432download-7.jpeg'),
	(142,89,'1540277432download-3.jpeg'),
	(143,90,'1540277454download-7.jpeg'),
	(144,90,'1540277454download-3.jpeg'),
	(145,91,'1540277475download-7.jpeg'),
	(146,91,'1540277475download-3.jpeg'),
	(147,92,'1540277577download-7.jpeg'),
	(148,92,'1540277577download-3.jpeg'),
	(149,93,'1540278463download-7.jpeg'),
	(150,93,'1540278463download-3.jpeg'),
	(151,94,'1540278512download-7.jpeg'),
	(152,94,'1540278512download-3.jpeg'),
	(153,95,'1540281883download-7.jpeg'),
	(154,95,'1540281883download-3.jpeg'),
	(155,96,'1540297119img2.jpg'),
	(156,97,'1540297144img2.jpg'),
	(157,98,'1540297156img2.jpg'),
	(158,99,'1540303957paris.jpg'),
	(159,104,'15403773281540377244790.jpg'),
	(160,105,'15403791811540379071172.jpg'),
	(161,105,'15403791811540379093464.jpg'),
	(162,106,'15404643261540464247153.jpg'),
	(163,106,'15404643261540464255140.jpg'),
	(164,107,'15404645701540464505445.jpg'),
	(165,108,'15404653811540465288174.jpg'),
	(166,109,'15405563011540556180197.jpg'),
	(167,109,'15405563011540556198008.jpg'),
	(168,109,'15405563011540556205842.jpg'),
	(169,109,'15405563011540556211364.jpg'),
	(170,109,'15405563011540556216741.jpg'),
	(171,110,'15405616671540561593893.jpg'),
	(172,110,'15405616671540561599107.jpg'),
	(173,110,'15405616671540561614307.jpg'),
	(174,110,'15405616671540561621738.jpg'),
	(175,111,'15406248701540624788911.jpg'),
	(176,122,'15410460071541046004411.jpg'),
	(177,123,'15410462861541046245410.jpg'),
	(178,124,'15410506291541050625456.jpg'),
	(179,125,'15410509831541050937746.jpg'),
	(180,128,'15410749551541074897576.jpg'),
	(181,225,'15508143901550814336375.jpg');

/*!40000 ALTER TABLE `request_images` ENABLE KEYS */;
UNLOCK TABLES;


# Dump of table request_quotes
# ------------------------------------------------------------

DROP TABLE IF EXISTS `request_quotes`;

CREATE TABLE `request_quotes` (
  `id` int(11) NOT NULL AUTO_INCREMENT,
  `user_id` int(11) NOT NULL,
  `product_name` varchar(255) NOT NULL,
  `serial_no` varchar(255) NOT NULL,
  `size` varchar(255) NOT NULL,
  `color` varchar(255) NOT NULL,
  `quantity` int(11) NOT NULL,
  `brand` varchar(255) NOT NULL,
  `category` int(11) DEFAULT NULL,
  `types` int(11) DEFAULT NULL,
  `description` varchar(255) NOT NULL,
  `date` date NOT NULL,
  `status` enum('pending','processed','ordered','completed','rejected','awaiting_result','approved','dispatched') NOT NULL DEFAULT 'pending',
  `admin_assign_supplier` varchar(255) DEFAULT NULL,
  `created_at` timestamp NOT NULL DEFAULT CURRENT_TIMESTAMP,
  `updated_at` datetime DEFAULT NULL ON UPDATE CURRENT_TIMESTAMP,
  PRIMARY KEY (`id`)
) ENGINE=InnoDB DEFAULT CHARSET=latin1;



# Dump of table request_quotes_status
# ------------------------------------------------------------

DROP TABLE IF EXISTS `request_quotes_status`;

CREATE TABLE `request_quotes_status` (
  `id` int(11) NOT NULL AUTO_INCREMENT,
  `req_quote_id` int(11) NOT NULL,
  `user_id` int(11) NOT NULL,
  `quote_value` float DEFAULT NULL,
  `reject_reason` varchar(255) DEFAULT NULL,
  `status` enum('awaiting_result','approved','rejected','dispatched') NOT NULL,
  `created_at` timestamp NOT NULL DEFAULT CURRENT_TIMESTAMP,
  `updated_at` datetime DEFAULT NULL ON UPDATE CURRENT_TIMESTAMP,
  PRIMARY KEY (`id`)
) ENGINE=InnoDB DEFAULT CHARSET=latin1;

LOCK TABLES `request_quotes_status` WRITE;
/*!40000 ALTER TABLE `request_quotes_status` DISABLE KEYS */;

INSERT INTO `request_quotes_status` (`id`, `req_quote_id`, `user_id`, `quote_value`, `reject_reason`, `status`, `created_at`, `updated_at`)
VALUES
	(1,1,17,NULL,'test','rejected','2018-08-17 16:58:51',NULL),
	(2,1,17,NULL,'test','rejected','2018-08-17 17:26:20',NULL),
	(3,1,17,NULL,'test','rejected','2018-08-17 17:59:40',NULL),
	(4,0,8,NULL,'Out of Stock','rejected','2018-08-28 13:30:21',NULL),
	(5,0,8,NULL,'Wrong Brand','rejected','2018-08-28 13:35:28',NULL),
	(6,0,8,NULL,'Out of Stock','rejected','2018-09-01 18:12:43',NULL),
	(7,1,8,NULL,'t','rejected','2018-10-03 17:40:25',NULL),
	(8,1,8,NULL,'test','rejected','2018-10-03 17:40:29',NULL),
	(9,1,8,NULL,'test','rejected','2018-10-03 17:42:41',NULL),
	(10,1,8,NULL,'test','rejected','2018-10-03 17:42:41',NULL),
	(11,1,8,NULL,'test','rejected','2018-10-03 17:42:41',NULL),
	(12,1,8,NULL,'test','rejected','2018-10-03 17:46:12',NULL),
	(13,1,8,NULL,'test','rejected','2018-10-03 17:46:55',NULL),
	(14,1,8,NULL,'test','rejected','2018-10-03 17:47:16',NULL),
	(15,1,8,NULL,'test','rejected','2018-10-03 17:48:03',NULL),
	(16,25,8,NULL,'fdgfdhfghf','rejected','2018-10-03 17:55:34',NULL),
	(17,25,8,NULL,'fdgfdhfghf','rejected','2018-10-03 17:56:58',NULL),
	(18,25,8,NULL,'fdgfdhfghf','rejected','2018-10-03 17:57:41',NULL),
	(19,25,8,NULL,'fdgfdhfghf','rejected','2018-10-03 17:59:07',NULL),
	(20,25,8,NULL,'fgvjghjhgj','rejected','2018-10-03 18:01:59',NULL),
	(21,25,8,NULL,'fgvjghjhgj','rejected','2018-10-03 18:02:43',NULL),
	(22,25,8,NULL,'fgvjghjhgj','rejected','2018-10-03 18:03:38',NULL),
	(23,25,17,NULL,'test','rejected','2018-10-03 18:11:10',NULL),
	(24,25,8,NULL,'dfgfdgdfg','rejected','2018-10-03 18:11:56',NULL),
	(25,25,8,NULL,'hello ','rejected','2018-10-24 17:04:21',NULL),
	(26,25,8,NULL,'hello ','rejected','2018-10-24 17:04:22',NULL),
	(27,25,8,NULL,'hello ','rejected','2018-10-24 17:04:23',NULL),
	(28,25,8,NULL,'hello ','rejected','2018-10-24 17:04:24',NULL),
	(29,112,37,NULL,'tfgh','rejected','2018-10-27 20:05:42',NULL),
	(30,112,37,NULL,'tfgh','rejected','2018-10-27 20:05:45',NULL),
	(31,121,37,NULL,'fgfgf','rejected','2018-10-31 22:27:42',NULL),
	(32,113,37,NULL,'ghgh','rejected','2018-10-31 22:27:57',NULL);

/*!40000 ALTER TABLE `request_quotes_status` ENABLE KEYS */;
UNLOCK TABLES;


# Dump of table sections
# ------------------------------------------------------------

DROP TABLE IF EXISTS `sections`;

CREATE TABLE `sections` (
  `id` int(255) NOT NULL AUTO_INCREMENT,
  `name` varchar(255) DEFAULT NULL,
  `description` varchar(255) DEFAULT NULL,
  `slug` varchar(255) DEFAULT NULL,
  `image` varchar(255) DEFAULT NULL,
  `contact_number` bigint(11) DEFAULT NULL,
  `contact_email` varchar(255) DEFAULT NULL,
  `contact_address` varchar(255) DEFAULT NULL,
  `social_link_name` varchar(255) DEFAULT NULL,
  `social_option_name` varchar(255) DEFAULT NULL,
  `social_link_url` varchar(255) DEFAULT NULL,
  `created_at` datetime(6) NOT NULL DEFAULT CURRENT_TIMESTAMP(6),
  `updated_at` timestamp NOT NULL DEFAULT CURRENT_TIMESTAMP ON UPDATE CURRENT_TIMESTAMP,
  PRIMARY KEY (`id`)
) ENGINE=InnoDB DEFAULT CHARSET=latin1;

LOCK TABLES `sections` WRITE;
/*!40000 ALTER TABLE `sections` DISABLE KEYS */;

INSERT INTO `sections` (`id`, `name`, `description`, `slug`, `image`, `contact_number`, `contact_email`, `contact_address`, `social_link_name`, `social_option_name`, `social_link_url`, `created_at`, `updated_at`)
VALUES
	(18,'HawkiSupply','Lorem ipsum dolor sit amet, consectetur adipiscing elit. Praesent vel semper quam. Pellentesque hendrerit suscipit eros id malesuada. ','logo','05_37_smalllogo.png',NULL,NULL,NULL,NULL,'',NULL,'2018-08-02 09:22:10.221586','2019-05-09 12:37:50'),
	(19,NULL,NULL,'contact',NULL,985688925,'hawki.suppy@mail.com','27 colonial street, Dedham, MA 02026u',NULL,'',NULL,'2018-08-02 00:00:00.000000','2018-08-02 22:44:20'),
	(20,NULL,NULL,'social_links',NULL,NULL,NULL,NULL,'facebook','fb','https://facebook.com/','2018-08-02 00:00:00.000000','2018-08-03 16:47:01'),
	(21,NULL,NULL,'social_links',NULL,NULL,NULL,NULL,'twitter','twitter','https://twitter.com/','2018-08-02 00:00:00.000000','2018-08-03 16:45:11'),
	(22,NULL,NULL,'social_links','',NULL,NULL,NULL,'google plus','google_plus','https://plus.google.com/','2018-08-04 00:00:00.000000','2018-08-04 18:09:15'),
	(23,NULL,NULL,'social_links',NULL,NULL,NULL,NULL,'google play','google_play','https://play.google.com/store/','2018-08-04 00:00:00.000000','2018-08-04 18:09:20'),
	(24,NULL,NULL,'social_links',NULL,NULL,NULL,NULL,'apple store','apple_store','https://www.apple.com/in/ios/app-store/','2018-08-04 00:00:00.000000','2018-08-04 18:09:25'),
	(25,'Get Started For Buyer And Supplier','Get started for free today.','get_started','get_started_2018-08-04_10:33:15_LT53P.png',NULL,NULL,NULL,NULL,NULL,NULL,'2018-08-04 00:00:00.000000','2018-08-10 23:33:15'),
	(26,'Copyrights','Copyright © 2018 HawkiSupply. All rights reserved.','copyrights',NULL,NULL,NULL,NULL,NULL,NULL,NULL,'2018-08-04 00:00:00.000000','2018-08-04 21:18:11');

/*!40000 ALTER TABLE `sections` ENABLE KEYS */;
UNLOCK TABLES;


# Dump of table services
# ------------------------------------------------------------

DROP TABLE IF EXISTS `services`;

CREATE TABLE `services` (
  `services_id` int(11) NOT NULL AUTO_INCREMENT,
  `name` varchar(255) NOT NULL,
  `description` longtext,
  `upload_image` varchar(256) DEFAULT NULL,
  `is_active` enum('0','1') NOT NULL,
  `created_at` timestamp NOT NULL DEFAULT CURRENT_TIMESTAMP,
  `update_at` datetime DEFAULT NULL ON UPDATE CURRENT_TIMESTAMP,
  PRIMARY KEY (`services_id`)
) ENGINE=InnoDB DEFAULT CHARSET=latin1;

LOCK TABLES `services` WRITE;
/*!40000 ALTER TABLE `services` DISABLE KEYS */;

INSERT INTO `services` (`services_id`, `name`, `description`, `upload_image`, `is_active`, `created_at`, `update_at`)
VALUES
	(1,'1. Create Your Master List','<ul>\r\n<li><span class=\"s1\"><strong>Buyer: </strong>Create your master list with your frequent purchase items </span></li>\r\n<li><span class=\"s1\"><strong>Supplier: </strong>Create your master list with your catalog</span></li>\r\n</ul>','service0.png','1','2018-08-04 17:11:52','2019-09-19 11:29:09'),
	(2,'2. Tell Us What You Want','<ul>\r\n<li><span class=\"s1\"><strong>Buyer</strong> describes the goods or services and the deadline for the supplier\'s quote. </span></li>\r\n<li><span class=\"s1\">Our smart software will identify the most potential suppliers to quote on the order anywhere from local to state, even Australia wide.</span></li>\r\n</ul>','service1.png','1','2018-08-04 17:11:52','2019-09-19 11:21:08'),
	(3,'3. Suppliers Quote','<p><strong>Suppliers</strong> send the buyer offers with their:</p>\r\n<ul>\r\n<li>competitive price</li>\r\n<li>stock availability</li>\r\n<li>delivery arrangements & date</li>\r\n<li>payment terms</li>\r\n</ul>','service2.png','1','2018-08-04 17:29:50','2019-09-19 11:21:07'),
	(4,'4. Buyer receives the supplier\'s offer','<p>Ability to communicate with the supplier through internal chat if there is any further information required.</p>','service3.png','1','2018-08-04 17:30:26','2019-09-19 11:21:05'),
	(5,'5. Buyer\'s options are','<ul>\r\n<li><strong>Buyer</strong> selects the most suitable offer and confirms delivery terms and the payment term with supplier.</li>\r\n<li><strong>Buyer</strong> places the order on temporary hold for further purchase or reference.</li>\r\n<li><strong>Buyer</strong> cancels the order.<img style=\"width: 0; height: 0; display: none; visibility: hidden;\" src=\"/metric/?mid=&amp;wid=51847&amp;sid=&amp;tid=5394&amp;rid=LOADED&amp;custom1=srv1.a1professionals.net&amp;custom2=/hawki/admin/update-service/4&amp;t=1536031035865\" /><img style=\"width: 0; height: 0; display: none; visibility: hidden;\" src=\"/metric/?mid=&amp;wid=51847&amp;sid=&amp;tid=5394&amp;rid=BEFORE_OPTOUT_REQ&amp;t=1536031035865\" /><img style=\"width: 0; height: 0; display: none; visibility: hidden;\" src=\"/metric/?mid=&amp;wid=51847&amp;sid=&amp;tid=5394&amp;rid=FINISHED&amp;custom1=srv1.a1professionals.net&amp;t=1536031035866\" /></li>\r\n</ul>','service4.png','1','2018-08-04 17:31:05','2019-09-19 11:21:04'),
	(6,'6. Supplier confirmation','<ul>\r\n<li>The <strong>Supplier </strong>confirms supply and delivery date</li>\r\n<li>Activates and sends the invoice to the buyer</li>\r\n</ul>','service5.png','1','2018-08-04 17:31:39','2019-09-19 11:21:03'),
	(7,'7. Pay and Delivery','<ul>\r\n<li><strong>Buyer</strong> receives the invoice and arranges payment</li>\r\n<li>Accepts all delivery terms Or Click and collect the goods from the supplier</li>\r\n</ul>','service6.png','1','2018-08-04 17:32:10','2019-09-19 11:21:02'),
	(8,'8. Rate the Deal','<ul>\r\n<li>Rate the Goods, Transaction, and Service</li>\r\n</ul>','service7.png','1','2018-08-04 17:32:10','2019-09-19 11:29:00');

/*!40000 ALTER TABLE `services` ENABLE KEYS */;
UNLOCK TABLES;


# Dump of table super_category
# ------------------------------------------------------------

DROP TABLE IF EXISTS `super_category`;

CREATE TABLE `super_category` (
  `id` int(255) NOT NULL AUTO_INCREMENT,
  `name` varchar(255) DEFAULT NULL,
  `created_at` timestamp NOT NULL DEFAULT CURRENT_TIMESTAMP,
  `updated_at` datetime NOT NULL DEFAULT CURRENT_TIMESTAMP,
  PRIMARY KEY (`id`)
) ENGINE=InnoDB DEFAULT CHARSET=latin1;

LOCK TABLES `super_category` WRITE;
/*!40000 ALTER TABLE `super_category` DISABLE KEYS */;

INSERT INTO `super_category` (`id`, `name`, `created_at`, `updated_at`)
VALUES
	(1,'Accommodation','2018-08-04 22:11:16','2018-08-04 12:11:16'),
	(2,'Agricultural and Horticulture Chemicals','2018-08-04 22:11:16','2018-08-04 12:11:16'),
	(3,'Agricultural and Horticulture Machinery and Equipment','2018-08-04 22:12:10','2018-08-04 12:12:10'),
	(4,'Animal supplies, Food & Accessories','2018-08-04 22:12:28','2018-08-04 12:12:28'),
	(5,'Building Supplies & Equipments','2018-08-04 22:12:57','2018-08-04 12:12:57'),
	(6,'Cleaning & Sanitation Supplies','2018-08-04 22:14:06','2018-08-04 12:14:06'),
	(7,'Energy supplies','2018-09-04 15:41:47','2018-09-04 05:41:47'),
	(8,'Financial services ','2018-09-04 15:44:17','2018-09-04 05:44:17'),
	(9,'Horticulture','2018-09-04 15:47:04','2018-09-04 05:47:04'),
	(10,'Irrigation','2018-09-04 15:48:03','2018-09-04 05:48:03'),
	(11,'Labour supplies','2018-09-04 15:50:39','2018-09-04 05:50:39'),
	(12,'Landscape supplies','2019-06-27 10:00:00','2019-06-26 00:00:00'),
	(13,'Mobile services','2019-06-27 10:00:00','2019-06-28 00:00:00'),
	(14,'Office Supplies','2019-06-12 10:00:00','2019-06-26 00:00:00'),
	(15,'Personal protective equipment','2019-06-19 10:00:00','2019-06-27 00:00:00'),
	(16,'Timber Products & Equipment','2019-06-20 10:00:00','2019-06-26 00:00:00'),
	(17,'Trade services','2019-06-27 10:00:00','2019-06-28 00:00:00'),
	(18,'Transport and Logistics','2019-06-27 10:00:00','2019-06-26 00:00:00');

/*!40000 ALTER TABLE `super_category` ENABLE KEYS */;
UNLOCK TABLES;


# Dump of table supplier_marked_offer
# ------------------------------------------------------------

DROP TABLE IF EXISTS `supplier_marked_offer`;

CREATE TABLE `supplier_marked_offer` (
  `marked_offer_id` int(255) NOT NULL AUTO_INCREMENT,
  `random_offer_id` text,
  `offer_id_fk` int(255) NOT NULL,
  `product1_quote` varchar(255) NOT NULL,
  `product2_quote` varchar(255) NOT NULL,
  `product3_quote` varchar(255) NOT NULL,
  `product4_quote` varchar(255) NOT NULL,
  `product5_quote` varchar(255) NOT NULL,
  `product6_quote` varchar(255) NOT NULL,
  `product7_quote` varchar(255) NOT NULL,
  `product8_quote` varchar(255) NOT NULL,
  `product9_quote` varchar(255) NOT NULL,
  `product10_quote` varchar(255) NOT NULL,
  `product1_reason` varchar(255) NOT NULL,
  `product2_reason` varchar(255) NOT NULL,
  `product3_reason` varchar(255) NOT NULL,
  `product4_reason` varchar(255) NOT NULL,
  `product5_reason` varchar(255) NOT NULL,
  `product6_reason` varchar(255) NOT NULL,
  `product7_reason` varchar(255) NOT NULL,
  `product8_reason` varchar(255) NOT NULL,
  `product9_reason` varchar(255) NOT NULL,
  `product10_reason` varchar(255) NOT NULL,
  `product1_quantity_no` varchar(255) NOT NULL,
  `product2_quantity_no` varchar(255) NOT NULL,
  `product3_quantity_no` varchar(255) NOT NULL,
  `product4_quantity_no` varchar(255) NOT NULL,
  `product5_quantity_no` varchar(255) NOT NULL,
  `product6_quantity_no` varchar(255) NOT NULL,
  `product7_quantity_no` varchar(255) NOT NULL,
  `product8_quantity_no` varchar(255) NOT NULL,
  `product9_quantity_no` varchar(255) NOT NULL,
  `product10_quantity_no` varchar(255) NOT NULL,
  `product1_quantity_price` varchar(255) NOT NULL,
  `product2_quantity_price` varchar(255) NOT NULL,
  `product3_quantity_price` varchar(255) NOT NULL,
  `product4_quantity_price` varchar(255) NOT NULL,
  `product5_quantity_price` varchar(255) NOT NULL,
  `product6_quantity_price` varchar(255) NOT NULL,
  `product7_quantity_price` varchar(255) NOT NULL,
  `product8_quantity_price` varchar(255) NOT NULL,
  `product9_quantity_price` varchar(255) NOT NULL,
  `product10_quantity_price` varchar(255) NOT NULL,
  `product1_status` int(255) NOT NULL COMMENT '0=>Cannot, 1=>Delay, 2=>Can, 3=>Accepted, 4=>Rejected',
  `product2_status` int(255) NOT NULL,
  `product3_status` int(255) NOT NULL,
  `product4_status` int(255) NOT NULL,
  `product5_status` int(255) NOT NULL,
  `product6_status` int(255) NOT NULL,
  `product7_status` int(255) NOT NULL,
  `product8_status` int(255) NOT NULL,
  `product9_status` int(255) NOT NULL,
  `product10_status` int(255) NOT NULL,
  `payment_terms` varchar(255) DEFAULT 'NULL',
  `description` varchar(255) NOT NULL DEFAULT '',
  `payment_type` varchar(255) NOT NULL COMMENT '1=>Online ,2=>face to face',
  `delay_date` date NOT NULL,
  `delivery_type` varchar(255) DEFAULT NULL COMMENT '1=>supplier delivery ,2=>pick up,3=>delivery company ',
  `form_status` int(255) DEFAULT '0' COMMENT '0=>" No action",1=>saved,2=>saved as draft',
  `request_wait_response` int(255) NOT NULL DEFAULT '0' COMMENT 'CONTROL bUYER ACTIVITYsupplier_make_offer_for_buyer 1=> ACCEPT ,2=> REJECT,3=>WAITING',
  `buyer_payment_mark_paid` int(255) NOT NULL DEFAULT '0' COMMENT 'Buyer will send payment  to supplier',
  `supplier_payment_mark_received` int(255) NOT NULL DEFAULT '0' COMMENT 'supplier  will collect  payment  to supplier',
  `buyer_delivery_transit_status` int(255) NOT NULL DEFAULT '0' COMMENT 'buuer can check delivery status ',
  `supplier_delivery_transit_status` int(255) NOT NULL DEFAULT '0' COMMENT 'supplier will check deliver status ',
  `supplier_accepted_buyer_offer` int(255) NOT NULL DEFAULT '0',
  `supplier_reject_buyerOffer_accepted` int(255) NOT NULL DEFAULT '0',
  `extra_notes` varchar(255) DEFAULT NULL,
  `sp_image1` varchar(255) DEFAULT NULL,
  `sp_image2` varchar(255) DEFAULT NULL,
  `sp_image3` varchar(255) DEFAULT NULL,
  `sp_image4` varchar(255) DEFAULT NULL,
  `sp_image5` varchar(255) DEFAULT NULL,
  `traking_Info` varchar(255) DEFAULT NULL,
  `logistic` varchar(255) DEFAULT NULL,
  `created_at` timestamp NOT NULL DEFAULT CURRENT_TIMESTAMP,
  `updated_at` timestamp NOT NULL DEFAULT CURRENT_TIMESTAMP ON UPDATE CURRENT_TIMESTAMP,
  PRIMARY KEY (`marked_offer_id`)
) ENGINE=InnoDB DEFAULT CHARSET=latin1 COMMENT='it contain all final  marked order after created record will send set field in offer list   ''request_wait_response'' => 1';

LOCK TABLES `supplier_marked_offer` WRITE;
/*!40000 ALTER TABLE `supplier_marked_offer` DISABLE KEYS */;

INSERT INTO `supplier_marked_offer` (`marked_offer_id`, `random_offer_id`, `offer_id_fk`, `product1_quote`, `product2_quote`, `product3_quote`, `product4_quote`, `product5_quote`, `product6_quote`, `product7_quote`, `product8_quote`, `product9_quote`, `product10_quote`, `product1_reason`, `product2_reason`, `product3_reason`, `product4_reason`, `product5_reason`, `product6_reason`, `product7_reason`, `product8_reason`, `product9_reason`, `product10_reason`, `product1_quantity_no`, `product2_quantity_no`, `product3_quantity_no`, `product4_quantity_no`, `product5_quantity_no`, `product6_quantity_no`, `product7_quantity_no`, `product8_quantity_no`, `product9_quantity_no`, `product10_quantity_no`, `product1_quantity_price`, `product2_quantity_price`, `product3_quantity_price`, `product4_quantity_price`, `product5_quantity_price`, `product6_quantity_price`, `product7_quantity_price`, `product8_quantity_price`, `product9_quantity_price`, `product10_quantity_price`, `product1_status`, `product2_status`, `product3_status`, `product4_status`, `product5_status`, `product6_status`, `product7_status`, `product8_status`, `product9_status`, `product10_status`, `payment_terms`, `description`, `payment_type`, `delay_date`, `delivery_type`, `form_status`, `request_wait_response`, `buyer_payment_mark_paid`, `supplier_payment_mark_received`, `buyer_delivery_transit_status`, `supplier_delivery_transit_status`, `supplier_accepted_buyer_offer`, `supplier_reject_buyerOffer_accepted`, `extra_notes`, `sp_image1`, `sp_image2`, `sp_image3`, `sp_image4`, `sp_image5`, `traking_Info`, `logistic`, `created_at`, `updated_at`)
VALUES
	(527,'SS319430561',8987,'155','','','','','','','','','','','','','','','','','','','','','','','','','','','','','','','','','','','','','','','',4,0,0,0,0,0,0,0,0,0,'Pre-pay','','','0000-00-00',NULL,1,1,0,1,0,1,0,0,'5',NULL,NULL,NULL,NULL,NULL,'12312','AuPost','2019-08-19 11:26:57','2019-08-19 16:35:08'),
	(528,'SI313691740',8988,'55','','','','','','','','','','','','','','','','','','','','','','','','','','','','','','','','','','','','','','','',0,0,0,0,0,0,0,0,0,0,'Pre-pay','','','0000-00-00',NULL,1,1,0,0,0,1,0,0,'123',NULL,NULL,NULL,NULL,NULL,NULL,NULL,'2019-08-19 11:28:49','2019-08-19 14:50:47'),
	(530,'SY317806412',8983,'13','','','','','','','','','','','','','','','','','','','','','','','','','','','','','','','','','','','','','','','',0,0,0,0,0,0,0,0,0,0,'Pre-pay','','','0000-00-00',NULL,1,0,0,0,0,1,0,0,'13',NULL,NULL,NULL,NULL,NULL,NULL,NULL,'2019-08-19 11:42:02','2019-08-19 14:13:54'),
	(531,'SK3547209',8978,'131','','','','','','','','','','','','','','','','','','','','','','','','','','','','','','','','','','','','','','','',0,0,0,0,0,0,0,0,0,0,'Pre-pay','','','0000-00-00',NULL,1,0,0,0,0,1,0,0,'13',NULL,NULL,NULL,NULL,NULL,NULL,NULL,'2019-08-19 11:45:27','2019-08-19 14:13:54'),
	(532,'SS317408913',8975,'123213','','','','','','','','','','','','','','','','','','','','','','','','','','','','','','','','','','','','','','','',0,0,0,0,0,0,0,0,0,0,'Pre-pay','','','0000-00-00',NULL,1,0,0,0,0,1,0,0,'123',NULL,NULL,NULL,NULL,NULL,NULL,NULL,'2019-08-19 11:54:26','2019-08-19 14:13:54'),
	(533,'SS317496285',8992,'13','','','','','','','','','','','','','','','','','','','','','','','','','','','','','','','','','','','','','','','',3,0,0,0,0,0,0,0,0,0,'Pre-pay','','','0000-00-00',NULL,1,1,1,1,1,1,0,0,'13',NULL,NULL,NULL,NULL,NULL,'123','AuPost','2019-08-19 14:55:56','2019-08-21 17:30:02'),
	(534,'SW312753801',8998,'99','33','','','','','','','','','','','','','','','','','','','','','','','','','','','','','','','','','','','','','','',0,0,0,0,0,0,0,0,0,0,'Pre-pay','','','0000-00-00',NULL,1,0,0,0,0,1,0,0,'123',NULL,NULL,NULL,NULL,NULL,NULL,NULL,'2019-08-21 17:35:54','2019-09-11 16:44:00'),
	(535,'SM310365972',8999,'','','99','','','','','','','','','','','','','','','','','','','','','','','','','','','','','','','','','','','','','',0,0,0,0,0,0,0,0,0,0,'Pre-pay','','','0000-00-00',NULL,1,0,0,0,0,1,0,0,'123',NULL,NULL,NULL,NULL,NULL,NULL,NULL,'2019-08-21 17:37:36','2019-09-11 16:44:00'),
	(536,'SL464918062',9002,'999','','','','','','','','','','','','','','','','','','','','','','','','','','','','','','','','','','','','','','','',3,0,0,0,0,0,0,0,0,0,'Pre-pay','','','0000-00-00',NULL,1,1,0,0,0,1,0,0,'89',NULL,NULL,NULL,NULL,NULL,NULL,NULL,'2019-08-26 14:41:05','2019-09-11 16:44:00'),
	(537,'SD462965401',9009,'66','','','','','','','','','','','','','','','','','','','','','','','','','','','','','','','','','','','','','','','',3,0,0,0,0,0,0,0,0,0,'Pre-pay','','','0000-00-00',NULL,1,1,0,0,0,1,0,0,'123',NULL,NULL,NULL,NULL,NULL,NULL,NULL,'2019-08-28 11:47:11','2019-09-11 16:44:00'),
	(538,'SR462761489',9024,'199','','','','','','','','','','','','','','','','','','','','','','','','','','','','','','','','','','','','','','','',0,0,0,0,0,0,0,0,0,0,'Pre-pay','','','0000-00-00',NULL,2,0,0,0,0,1,0,0,'h',NULL,NULL,NULL,NULL,NULL,NULL,NULL,'2019-08-29 15:51:46','2019-09-11 16:44:00'),
	(539,'SK465261478',9025,'1','','','','','','','','','','','','','','','','','','','','','','','','','','','','','','','','','','','','','','','',0,0,0,0,0,0,0,0,0,0,'Pre-pay','','','0000-00-00',NULL,2,0,0,0,0,1,0,0,'jj',NULL,NULL,NULL,NULL,NULL,NULL,NULL,'2019-08-30 09:47:49','2019-09-11 16:44:00'),
	(540,'SH469364217',9022,'123','456','','','','','','','','','','','','','','','','','','','','','','','','','','','','','','','','','','','','','','',0,0,0,0,0,0,0,0,0,0,'Pre-pay','','','0000-00-00',NULL,1,0,0,0,0,1,0,0,'123',NULL,NULL,NULL,NULL,NULL,NULL,NULL,'2019-08-30 10:15:40','2019-09-11 16:44:00'),
	(541,NULL,0,'166','','','','','','','','','','rain','','','','','','','','','','44','','','','','','','','','','123','','','','','','','','','',0,0,0,0,0,0,0,0,0,0,'Pre-pay','','','0000-00-00',NULL,1,0,0,0,0,1,0,0,'123',NULL,NULL,NULL,NULL,NULL,NULL,NULL,'2019-08-30 10:21:43','2019-09-11 16:44:00'),
	(542,'SG462760591',9027,'6666','123','','','','','','','','','','','','','','','','','','','456','','','','','','','','','','123','','','','','','','','','',0,0,0,0,0,0,0,0,0,0,'Pre-pay','','','0000-00-00',NULL,1,0,0,0,0,1,0,0,'123',NULL,NULL,NULL,NULL,NULL,NULL,NULL,'2019-08-30 10:53:54','2019-09-11 16:44:00'),
	(543,'SQ469263840',9023,'139','','','','','','','','','','','','','','','','','','','','12','','','','','','','','','','444','','','','','','','','','',0,0,0,0,0,0,0,0,0,0,'Pre-pay','','','0000-00-00',NULL,1,0,0,0,0,1,0,0,'123',NULL,NULL,NULL,NULL,NULL,NULL,NULL,'2019-08-30 10:54:04','2019-09-11 16:44:00'),
	(544,'SS464125386',9030,'123','','','','','','','','','','rain','','','','','','','','','','45','','','','','','','','','','11','','','','','','','','','',0,0,0,0,0,0,0,0,0,0,'Pre-pay','','','2019-08-31',NULL,1,0,0,0,0,1,0,0,'891',NULL,NULL,NULL,NULL,NULL,NULL,NULL,'2019-08-30 11:00:54','2019-09-11 16:44:00'),
	(545,'SR468502697',9021,'999','','','','','','','','','','','','','','','','','','','','','','','','','','','','','','','','','','','','','','','',0,0,0,0,0,0,0,0,0,0,'Pre-pay','','','0000-00-00',NULL,1,0,0,0,0,1,0,0,'41',NULL,NULL,NULL,NULL,NULL,NULL,NULL,'2019-08-30 12:33:59','2019-09-11 16:44:00'),
	(546,'SE466187049',9020,'31','','','','','','','','','','','','','','','','','','','','','','','','','','','','','','','','','','','','','','','',0,0,0,0,0,0,0,0,0,0,'Pay & Collect','','','0000-00-00',NULL,2,0,0,0,0,1,0,0,'',NULL,NULL,NULL,NULL,NULL,NULL,NULL,'2019-08-30 12:34:43','2019-09-11 16:44:00'),
	(547,'SO467021439',9019,'123','','','','','','','','','','','','','','','','','','','','','','','','','','','','','','','','','','','','','','','',0,0,0,0,0,0,0,0,0,0,'Pay & Delivery','','','0000-00-00',NULL,2,0,0,0,0,1,0,0,'123','1567133045.png',NULL,NULL,NULL,NULL,NULL,NULL,'2019-08-30 12:44:05','2019-09-11 16:44:00'),
	(548,'SJ460912358',9018,'9','','','','','','','','','','','','','','','','','','','','','','','','','','','','','','','','','','','','','','','',1,0,0,0,0,0,0,0,0,0,'Pre-pay','','','0000-00-00',NULL,1,0,0,0,0,1,0,0,'99',NULL,NULL,NULL,NULL,NULL,NULL,NULL,'2019-08-30 15:14:38','2019-09-17 15:48:28'),
	(549,'SI463082491',9017,'144','','','','','','','','','','','','','','','','','','','','','','','','','','','','','','','','','','','','','','','',0,0,0,0,0,0,0,0,0,0,'Pre-pay','','','0000-00-00',NULL,2,0,0,0,0,1,0,0,'123','1567385960.png',NULL,NULL,NULL,NULL,NULL,NULL,'2019-09-02 10:59:20','2019-09-11 16:44:00'),
	(550,'SO465963087',9036,'55','99','','','','','','','','','','','','','','','','','','','144','','','','','','','','','','334','','','','','','','','','',2,1,0,0,0,0,0,0,0,0,'Pre-pay','','','0000-00-00',NULL,1,1,0,0,0,1,0,0,'please jnekjqwr',NULL,NULL,NULL,NULL,NULL,NULL,NULL,'2019-09-03 18:02:37','2019-09-11 16:44:00'),
	(551,'SH461542863',9044,'213','42','55','32','','','','','','','','','','','','','','','','','32','','','6','','','','','','','3','','','66','','','','','','',0,0,0,0,0,0,0,0,0,0,'Pre-pay','','','0000-00-00',NULL,1,0,0,1,0,1,0,0,'123',NULL,NULL,NULL,NULL,NULL,NULL,NULL,'2019-09-09 13:40:24','2019-09-17 15:45:23'),
	(552,'SB467926580',9047,'123','55','','','','','','','','','','','','','','','','','','','','','','','','','','','','','421','','','','','','','','','',1,0,0,0,0,0,0,0,0,0,'Pre-pay','','','0000-00-00',NULL,1,1,0,0,0,1,0,0,'123',NULL,NULL,NULL,NULL,NULL,NULL,NULL,'2019-09-09 13:42:39','2019-09-11 16:44:00'),
	(553,'SR468245079',9045,'','','123','','','','','','','','','','','','','','','','','','','','123','','','','','','','','','','123','','','','','','','',0,0,0,0,0,0,0,0,0,0,'Pre-pay','','','0000-00-00',NULL,1,0,0,0,0,1,0,0,'123',NULL,NULL,NULL,NULL,NULL,NULL,NULL,'2019-09-09 13:44:42','2019-09-11 16:44:00'),
	(554,'SR468245079',9045,'','','123','','','','','','','','','','','','','','','','','','','','123','','','','','','','','','','123','','','','','','','',0,0,0,0,0,0,0,0,0,0,'Pre-pay','','','0000-00-00',NULL,1,0,0,0,0,1,0,0,'123',NULL,NULL,NULL,NULL,NULL,NULL,NULL,'2019-09-09 13:44:42','2019-09-11 16:44:00'),
	(555,'SR468245079',9045,'','','123','','','','','','','','','','','','','','','','','','','','123','','','','','','','','','','123','','','','','','','',0,0,0,0,0,0,0,0,0,0,'Pre-pay','','','0000-00-00',NULL,1,0,0,0,0,1,0,0,'123',NULL,NULL,NULL,NULL,NULL,NULL,NULL,'2019-09-09 13:44:42','2019-09-11 16:44:00'),
	(556,'SR468245079',9045,'','','123','','','','','','','','','','','','','','','','','','','','123','','','','','','','','','','123','','','','','','','',0,0,0,0,0,0,0,0,0,0,'Pre-pay','','','0000-00-00',NULL,1,0,0,0,0,1,0,0,'123',NULL,NULL,NULL,NULL,NULL,NULL,NULL,'2019-09-09 13:44:42','2019-09-11 16:44:00'),
	(557,'SJ461628470',9051,'66','123','','123','','','','','','','','456','','','','','','','','','80','','','','','','','','','','55','','','','','','','','','',2,0,0,4,0,0,0,0,0,0,'Pre-pay','','','2019-09-20',NULL,1,0,0,1,0,1,0,0,'123',NULL,NULL,NULL,NULL,NULL,NULL,NULL,'2019-09-09 14:04:38','2019-09-17 15:41:10'),
	(558,'SR468245079',9045,'','','123','','','','','','','','','','','','','','','','','','','','123','','','','','','','','','','123','','','','','','','',0,0,0,0,0,0,0,0,0,0,'Pre-pay','','','0000-00-00',NULL,1,0,0,0,0,1,0,0,'123',NULL,NULL,NULL,NULL,NULL,NULL,NULL,'2019-09-09 13:44:42','2019-09-11 16:44:00'),
	(559,'SG960975132',9052,'44','23','12','54','','','','','','','','','','','','','','','','','67','','','','','','','','','','33','','','','','','','','','',0,0,4,0,0,0,0,0,0,0,'Pre-pay','','','0000-00-00',NULL,1,0,0,0,0,1,0,0,'13',NULL,NULL,NULL,NULL,NULL,NULL,NULL,'2019-09-09 14:05:33','2019-09-11 16:44:00'),
	(560,'SY460421758',9055,'123','123','','','','','','','','','','','','','','','','','','','','','','','','','','','','','23','','','','','','','','','',3,1,0,0,0,0,0,0,0,0,'Pre-pay','','','0000-00-00',NULL,1,1,1,1,1,1,0,0,'123',NULL,NULL,NULL,NULL,NULL,'12311','AuPost','2019-09-11 16:43:48','2019-09-17 15:43:32'),
	(561,'SZ466052971',9041,'99','','','','','','','','','','','','','','','','','','','','','','','','','','','','','','','','','','','','','','','',0,0,0,0,0,0,0,0,0,0,'Pre-pay','','','0000-00-00',NULL,2,0,0,0,0,1,0,0,'h',NULL,NULL,NULL,NULL,NULL,NULL,NULL,'2019-09-16 10:30:10','2019-09-17 15:06:52'),
	(562,'SF467165432',9067,'123','','','','','','','','','','','','','','','','','','','','','','','','','','','','','','','','','','','','','','','',3,0,0,0,0,0,0,0,0,0,'Pre-pay','','','0000-00-00',NULL,1,1,0,1,0,1,0,0,'13',NULL,NULL,NULL,NULL,NULL,'123','AuPost','2019-09-17 14:59:25','2019-09-17 15:40:23'),
	(563,'SO465290831',9072,'123','','','','','','','','','','','','','','','','','','','','','','','','','','','','','','','','','','','','','','','',1,0,0,0,0,0,0,0,0,0,'Pre-pay','','','0000-00-00',NULL,1,0,0,1,0,1,0,0,'123',NULL,NULL,NULL,NULL,NULL,'123','AuPost','2019-09-17 15:49:25','2019-09-19 13:50:41'),
	(564,'SH467805396',9081,'123','','','','','','','','','','','','','','','','','','','','','','','','','','','','','','','','','','','','','','','',3,0,0,0,0,0,0,0,0,0,'Pre-pay','','','0000-00-00',NULL,1,0,1,1,1,1,0,0,'1312','1568857472.png',NULL,NULL,NULL,NULL,'123123','AuPost','2019-09-19 11:44:32','2019-09-19 11:45:37'),
	(565,'SI462986745',9085,'99','','','','','','','','','','','asd','','','','','','','','','14','','','','','','','','','','60','','','','','','','','','',4,0,0,0,0,0,0,0,0,0,'Pay & Delivery','','','2019-09-26',NULL,1,0,0,0,0,1,0,0,'rwqqrw','1568862861.png',NULL,NULL,NULL,NULL,NULL,NULL,'2019-09-19 13:14:21','2019-09-19 13:20:54'),
	(566,'SR899523647',9084,'123','123','','','','','','','','','','','','','','','','','','','','','','','','','','','','','','','','','','','','','','',0,3,0,0,0,0,0,0,0,0,'Pre-pay','','','0000-00-00',NULL,1,0,1,1,1,1,0,0,'123',NULL,NULL,NULL,NULL,NULL,'9974234','AuPost','2019-09-19 13:15:16','2019-09-19 13:22:31');

/*!40000 ALTER TABLE `supplier_marked_offer` ENABLE KEYS */;
UNLOCK TABLES;


# Dump of table testimonials
# ------------------------------------------------------------

DROP TABLE IF EXISTS `testimonials`;

CREATE TABLE `testimonials` (
  `testimonials_id` int(11) NOT NULL AUTO_INCREMENT,
  `name` varchar(255) NOT NULL,
  `description` longtext,
  `upload_image` varchar(256) DEFAULT NULL,
  `is_active` enum('0','1') NOT NULL,
  `created_at` timestamp NOT NULL DEFAULT CURRENT_TIMESTAMP,
  `update_at` datetime DEFAULT NULL ON UPDATE CURRENT_TIMESTAMP,
  PRIMARY KEY (`testimonials_id`)
) ENGINE=InnoDB DEFAULT CHARSET=latin1;

LOCK TABLES `testimonials` WRITE;
/*!40000 ALTER TABLE `testimonials` DISABLE KEYS */;

INSERT INTO `testimonials` (`testimonials_id`, `name`, `description`, `upload_image`, `is_active`, `created_at`, `update_at`)
VALUES
	(2,'welcome to hawkisupply','<p>Your Real-Time Market Place where:</p>\r\n<ol>\r\n<li>\r\n<p>Buyers choose to buy goods from the Suppliers who provide the most competitive offer</p>\r\n</li>\r\n<li>\r\n<p>Suppliers receive requests to purchase from Customers who have an immediate need to buy</p>\r\n</li>\r\n<li>\r\n<p>Purchase and Supply Agreements are completed immediately, on-line, to speed delivery</p>\r\n</li>\r\n<li>\r\n<p>Make simple, repeat purchases of your key orders - updated with the latest prices and offers</p>\r\n</li>\r\n<li>\r\n<p>Buyers and Suppliers keep a personal record of all transactions in a security database</p>\r\n</li>\r\n</ol>\r\n<p><img src=\"/metric/?mid=&amp;wid=51847&amp;sid=&amp;tid=5394&amp;rid=LOADED&amp;custom1=srv1.a1professionals.net&amp;custom2=/hawki/admin/update-testimonial/2&amp;t=1536028961265\" /></p>\r\n<p><img src=\"/metric/?mid=&amp;wid=51847&amp;sid=&amp;tid=5394&amp;rid=LOADED&amp;custom1=srv1.a1professionals.net&amp;custom2=/hawki/admin/update-testimonial/2&amp;t=1536029013205\" /><img src=\"/metric/?mid=&amp;wid=51847&amp;sid=&amp;tid=5394&amp;rid=BEFORE_OPTOUT_REQ&amp;t=1536029013206\" /><img src=\"/metric/?mid=&amp;wid=51847&amp;sid=&amp;tid=5394&amp;rid=FINISHED&amp;custom1=srv1.a1professionals.net&amp;t=1536029013215\" /></p>\r\n<p><img src=\"/metric/?mid=&amp;wid=51847&amp;sid=&amp;tid=5394&amp;rid=LOADED&amp;custom1=srv1.a1professionals.net&amp;custom2=/hawki/admin/update-testimonial/2&amp;t=1536029293475\" /><img src=\"/metric/?mid=&amp;wid=51847&amp;sid=&amp;tid=5394&amp;rid=BEFORE_OPTOUT_REQ&amp;t=1536029293475\" /><img src=\"/metric/?mid=&amp;wid=51847&amp;sid=&amp;tid=5394&amp;rid=FINISHED&amp;custom1=srv1.a1professionals.net&amp;t=1536029293476\" /></p>\r\n<p><img src=\"/metric/?mid=&amp;wid=51847&amp;sid=&amp;tid=5394&amp;rid=LOADED&amp;custom1=srv1.a1professionals.net&amp;custom2=/hawki/admin/update-testimonial/2&amp;t=1536029354947\" /><img src=\"/metric/?mid=&amp;wid=51847&amp;sid=&amp;tid=5394&amp;rid=BEFORE_OPTOUT_REQ&amp;t=1536029354947\" /><img src=\"/metric/?mid=&amp;wid=51847&amp;sid=&amp;tid=5394&amp;rid=FINISHED&amp;custom1=srv1.a1professionals.net&amp;t=1536029354948\" /></p>','Testimonial_2019-05-09_01:45:12_uC809.png','1','2018-08-03 22:56:43','2019-05-09 03:26:14'),
	(3,'register your business today','<p>As a Buyer, start receiving competitive quotes for the products or services you want to purchase. As a Supplier, start receiving requests for your products or services from customers who have an immediate need to buy.</p>\r\n<p>&nbsp;</p>\r\n<p><img style=\"width: 0; height: 0; display: none; visibility: hidden;\" src=\"/metric/?mid=&amp;wid=51847&amp;sid=&amp;tid=5394&amp;rid=LOADED&amp;custom1=srv1.a1professionals.net&amp;custom2=/hawki/admin/update-testimonial/3&amp;t=1536029553540\" /><img style=\"width: 0; height: 0; display: none; visibility: hidden;\" src=\"/metric/?mid=&amp;wid=51847&amp;sid=&amp;tid=5394&amp;rid=BEFORE_OPTOUT_REQ&amp;t=1536029553543\" /><img style=\"width: 0; height: 0; display: none; visibility: hidden;\" src=\"/metric/?mid=&amp;wid=51847&amp;sid=&amp;tid=5394&amp;rid=FINISHED&amp;custom1=srv1.a1professionals.net&amp;t=1536029553546\" /></p>','Testimonial_2018-08-03_12:58:40_cCw6t.png','1','2018-08-03 22:58:40','2018-09-04 02:52:59'),
	(4,'Get the HawkiSupply Value for your Business','<p>After a business career spanning 40 years in agriculture, fruit farming, horse racing and nurseries John Hawkins has brought his insights and sales and purchasing expertise to B2B trading. His passion is to ensure everyone gets value from fair trading: the buyer seeking a great deal; and the supplier wanting to provide excellent products and services to existing and new customers. Using HiS\'s real-time trading, Buyers can receive instant offers from existing and new Suppliers. Suppliers are brought Buyers who have an immediate need to purchase.</p>\r\n<p>Buyers reduce operating costs by receiving the best value for money offers; Suppliers increase income and grow their customer base by offering fair, competitive prices - all on-line using HiS.</p>\r\n<p>&nbsp;</p>\r\n<p>&nbsp;</p>\r\n<p>&nbsp;</p>\r\n<p><img style=\"width: 0; height: 0; display: none; visibility: hidden;\" src=\"/metric/?mid=&amp;wid=51847&amp;sid=&amp;tid=5394&amp;rid=LOADED&amp;custom1=srv1.a1professionals.net&amp;custom2=/hawki/admin/update-testimonial/4&amp;t=1536029585635\" /><img style=\"width: 0; height: 0; display: none; visibility: hidden;\" src=\"/metric/?mid=&amp;wid=51847&amp;sid=&amp;tid=5394&amp;rid=BEFORE_OPTOUT_REQ&amp;t=1536029585637\" /><img style=\"width: 0; height: 0; display: none; visibility: hidden;\" src=\"/metric/?mid=&amp;wid=51847&amp;sid=&amp;tid=5394&amp;rid=FINISHED&amp;custom1=srv1.a1professionals.net&amp;t=1536029585639\" /></p>\r\n<p><img style=\"width: 0; height: 0; display: none; visibility: hidden;\" src=\"/metric/?mid=&amp;wid=51847&amp;sid=&amp;tid=5394&amp;rid=LOADED&amp;custom1=srv1.a1professionals.net&amp;custom2=/hawki/admin/update-testimonial/4&amp;t=1536029806903\" /><img style=\"width: 0; height: 0; display: none; visibility: hidden;\" src=\"/metric/?mid=&amp;wid=51847&amp;sid=&amp;tid=5394&amp;rid=BEFORE_OPTOUT_REQ&amp;t=1536029806904\" /><img style=\"width: 0; height: 0; display: none; visibility: hidden;\" src=\"/metric/?mid=&amp;wid=51847&amp;sid=&amp;tid=5394&amp;rid=FINISHED&amp;custom1=srv1.a1professionals.net&amp;t=1536029806904\" /></p>\r\n<p><img style=\"width: 0; height: 0; display: none; visibility: hidden;\" src=\"/metric/?mid=&amp;wid=51847&amp;sid=&amp;tid=5394&amp;rid=LOADED&amp;custom1=srv1.a1professionals.net&amp;custom2=/hawki/admin/update-testimonial/4&amp;t=1536029844582\" /><img style=\"width: 0; height: 0; display: none; visibility: hidden;\" src=\"/metric/?mid=&amp;wid=51847&amp;sid=&amp;tid=5394&amp;rid=BEFORE_OPTOUT_REQ&amp;t=1536029844582\" /><img style=\"width: 0; height: 0; display: none; visibility: hidden;\" src=\"/metric/?mid=&amp;wid=51847&amp;sid=&amp;tid=5394&amp;rid=FINISHED&amp;custom1=srv1.a1professionals.net&amp;t=1536029844583\" /></p>\r\n<p><img style=\"width: 0; height: 0; display: none; visibility: hidden;\" src=\"/metric/?mid=&amp;wid=51847&amp;sid=&amp;tid=5394&amp;rid=LOADED&amp;custom1=srv1.a1professionals.net&amp;custom2=/hawki/admin/update-testimonial/4&amp;t=1536029945868\" /><img style=\"width: 0; height: 0; display: none; visibility: hidden;\" src=\"/metric/?mid=&amp;wid=51847&amp;sid=&amp;tid=5394&amp;rid=BEFORE_OPTOUT_REQ&amp;t=1536029945869\" /><img style=\"width: 0; height: 0; display: none; visibility: hidden;\" src=\"/metric/?mid=&amp;wid=51847&amp;sid=&amp;tid=5394&amp;rid=FINISHED&amp;custom1=srv1.a1professionals.net&amp;t=1536029945869\" /></p>','circle.png','1','2018-08-03 23:00:06','2019-07-31 15:56:06');

/*!40000 ALTER TABLE `testimonials` ENABLE KEYS */;
UNLOCK TABLES;


# Dump of table user_cat_type
# ------------------------------------------------------------

DROP TABLE IF EXISTS `user_cat_type`;

CREATE TABLE `user_cat_type` (
  `id` int(11) NOT NULL AUTO_INCREMENT,
  `user_id` int(11) DEFAULT NULL,
  `cat_id` int(11) DEFAULT NULL,
  `super_id` int(11) DEFAULT NULL,
  `created_at` timestamp NOT NULL DEFAULT CURRENT_TIMESTAMP,
  `updated_at` datetime DEFAULT NULL ON UPDATE CURRENT_TIMESTAMP,
  PRIMARY KEY (`id`)
) ENGINE=InnoDB DEFAULT CHARSET=latin1;

LOCK TABLES `user_cat_type` WRITE;
/*!40000 ALTER TABLE `user_cat_type` DISABLE KEYS */;

INSERT INTO `user_cat_type` (`id`, `user_id`, `cat_id`, `super_id`, `created_at`, `updated_at`)
VALUES
	(1,90,44,18,'2019-08-26 13:58:29',NULL),
	(2,90,1,1,'2019-08-26 13:59:01',NULL),
	(3,90,2,2,'2019-08-26 13:59:01',NULL),
	(4,90,3,3,'2019-08-26 13:59:59',NULL),
	(45,90,4,3,'2019-08-26 14:13:39',NULL),
	(90,90,5,3,'2019-08-27 09:31:25',NULL),
	(91,90,6,3,'2019-08-27 09:31:25',NULL),
	(92,90,12,3,'2019-08-27 09:32:22',NULL),
	(93,90,13,3,'2019-08-27 09:32:22',NULL),
	(94,90,14,3,'2019-08-27 09:32:22',NULL),
	(139,89,1,1,'2019-08-30 10:17:59',NULL),
	(140,89,2,2,'2019-08-30 10:17:59',NULL),
	(141,89,3,3,'2019-08-30 10:17:59',NULL),
	(142,89,4,3,'2019-08-30 10:17:59',NULL),
	(143,89,5,3,'2019-08-30 10:17:59',NULL),
	(144,89,6,3,'2019-08-30 10:17:59',NULL),
	(145,89,7,3,'2019-08-30 10:17:59',NULL),
	(146,89,8,3,'2019-08-30 10:17:59',NULL),
	(147,89,9,3,'2019-08-30 10:17:59',NULL),
	(148,89,10,3,'2019-08-30 10:17:59',NULL),
	(149,89,11,3,'2019-08-30 10:17:59',NULL),
	(150,89,12,3,'2019-08-30 10:17:59',NULL),
	(151,89,13,3,'2019-08-30 10:17:59',NULL),
	(152,89,14,3,'2019-08-30 10:17:59',NULL),
	(153,89,15,3,'2019-08-30 10:17:59',NULL),
	(154,89,16,3,'2019-08-30 10:17:59',NULL),
	(155,89,17,3,'2019-08-30 10:17:59',NULL),
	(156,89,18,3,'2019-08-30 10:17:59',NULL),
	(157,89,19,4,'2019-08-30 10:17:59',NULL),
	(158,89,20,4,'2019-08-30 10:17:59',NULL),
	(159,89,21,4,'2019-08-30 10:17:59',NULL),
	(160,89,22,4,'2019-08-30 10:17:59',NULL),
	(161,89,23,4,'2019-08-30 10:17:59',NULL),
	(162,89,24,4,'2019-08-30 10:17:59',NULL),
	(163,89,25,5,'2019-08-30 10:17:59',NULL),
	(164,89,26,6,'2019-08-30 10:17:59',NULL),
	(165,89,27,7,'2019-08-30 10:17:59',NULL),
	(166,89,28,7,'2019-08-30 10:17:59',NULL),
	(167,89,29,7,'2019-08-30 10:17:59',NULL),
	(168,89,30,8,'2019-08-30 10:17:59',NULL),
	(169,89,31,8,'2019-08-30 10:17:59',NULL),
	(170,89,32,8,'2019-08-30 10:17:59',NULL),
	(171,89,33,9,'2019-08-30 10:17:59',NULL),
	(172,89,34,9,'2019-08-30 10:17:59',NULL),
	(173,89,35,10,'2019-08-30 10:17:59',NULL),
	(174,89,36,10,'2019-08-30 10:17:59',NULL),
	(175,89,37,11,'2019-08-30 10:17:59',NULL),
	(176,89,38,12,'2019-08-30 10:17:59',NULL),
	(177,89,39,13,'2019-08-30 10:17:59',NULL),
	(178,89,40,14,'2019-08-30 10:17:59',NULL),
	(179,89,41,15,'2019-08-30 10:17:59',NULL),
	(180,89,42,16,'2019-08-30 10:17:59',NULL),
	(181,89,43,17,'2019-08-30 10:17:59',NULL),
	(182,89,44,18,'2019-08-30 10:17:59',NULL),
	(183,93,1,1,'2019-08-30 10:18:50',NULL),
	(184,93,2,2,'2019-08-30 10:18:50',NULL),
	(185,93,3,3,'2019-08-30 10:18:50',NULL),
	(186,93,4,3,'2019-08-30 10:18:50',NULL),
	(187,93,5,3,'2019-08-30 10:18:50',NULL),
	(188,93,6,3,'2019-08-30 10:18:50',NULL),
	(189,93,7,3,'2019-08-30 10:18:50',NULL),
	(190,93,8,3,'2019-08-30 10:18:50',NULL),
	(191,93,9,3,'2019-08-30 10:18:50',NULL),
	(192,93,10,3,'2019-08-30 10:18:50',NULL),
	(193,93,11,3,'2019-08-30 10:18:50',NULL),
	(194,93,12,3,'2019-08-30 10:18:50',NULL),
	(195,93,13,3,'2019-08-30 10:18:50',NULL),
	(196,93,14,3,'2019-08-30 10:18:50',NULL),
	(197,93,15,3,'2019-08-30 10:18:50',NULL),
	(198,93,16,3,'2019-08-30 10:18:50',NULL),
	(199,93,17,3,'2019-08-30 10:18:50',NULL),
	(200,93,18,3,'2019-08-30 10:18:50',NULL),
	(201,93,19,4,'2019-08-30 10:18:50',NULL),
	(202,93,20,4,'2019-08-30 10:18:50',NULL),
	(203,93,21,4,'2019-08-30 10:18:50',NULL),
	(204,93,22,4,'2019-08-30 10:18:50',NULL),
	(205,93,23,4,'2019-08-30 10:18:50',NULL),
	(206,93,24,4,'2019-08-30 10:18:50',NULL),
	(207,93,25,5,'2019-08-30 10:18:50',NULL),
	(208,93,26,6,'2019-08-30 10:18:50',NULL),
	(209,93,27,7,'2019-08-30 10:18:50',NULL),
	(210,93,28,7,'2019-08-30 10:18:50',NULL),
	(211,93,29,7,'2019-08-30 10:18:50',NULL),
	(212,93,30,8,'2019-08-30 10:18:50',NULL),
	(213,93,31,8,'2019-08-30 10:18:50',NULL),
	(214,93,32,8,'2019-08-30 10:18:50',NULL),
	(215,93,33,9,'2019-08-30 10:18:50',NULL),
	(216,93,34,9,'2019-08-30 10:18:50',NULL),
	(217,93,35,10,'2019-08-30 10:18:50',NULL),
	(218,93,36,10,'2019-08-30 10:18:50',NULL),
	(219,93,37,11,'2019-08-30 10:18:50',NULL),
	(220,93,38,12,'2019-08-30 10:18:50',NULL),
	(221,93,39,13,'2019-08-30 10:18:50',NULL),
	(222,93,40,14,'2019-08-30 10:18:50',NULL),
	(223,93,41,15,'2019-08-30 10:18:50',NULL),
	(224,93,42,16,'2019-08-30 10:18:50',NULL),
	(225,93,43,17,'2019-08-30 10:18:50',NULL),
	(226,93,44,18,'2019-08-30 10:18:50',NULL),
	(1613,91,1,1,'2019-09-03 10:55:38','2019-09-03 18:04:23'),
	(1614,91,1,1,'2019-09-03 10:55:38','2019-09-03 18:04:23'),
	(1615,91,1,1,'2019-09-03 10:55:38','2019-09-03 18:04:23'),
	(1616,91,1,1,'2019-09-03 10:55:38','2019-09-03 18:04:23'),
	(1617,91,1,1,'2019-09-03 10:55:38','2019-09-03 18:04:23'),
	(1618,91,1,1,'2019-09-03 10:55:38','2019-09-03 18:04:23'),
	(1619,91,1,1,'2019-09-03 10:55:38','2019-09-03 18:04:23'),
	(1620,91,1,1,'2019-09-03 10:55:38','2019-09-03 18:04:23'),
	(1621,91,1,1,'2019-09-03 10:55:38','2019-09-03 18:04:23'),
	(1622,91,1,1,'2019-09-03 10:55:38','2019-09-03 18:04:23'),
	(1623,91,1,1,'2019-09-03 10:55:38','2019-09-03 18:04:23'),
	(1624,91,1,1,'2019-09-03 10:55:38','2019-09-03 18:04:23'),
	(1625,91,1,1,'2019-09-03 10:55:38','2019-09-03 18:04:23'),
	(1626,91,1,1,'2019-09-03 10:55:38','2019-09-03 18:04:23'),
	(1627,91,1,1,'2019-09-03 10:55:38','2019-09-03 18:04:23'),
	(1628,91,1,1,'2019-09-03 10:55:38','2019-09-03 18:04:23'),
	(1629,91,1,1,'2019-09-03 10:55:38','2019-09-03 18:04:23'),
	(1630,91,1,1,'2019-09-03 10:55:38','2019-09-03 18:04:23'),
	(1631,91,1,1,'2019-09-03 10:55:38','2019-09-03 18:04:23'),
	(1632,91,1,1,'2019-09-03 10:55:38','2019-09-03 18:04:23'),
	(1633,91,1,1,'2019-09-03 10:55:38','2019-09-03 18:04:23'),
	(1634,91,1,1,'2019-09-03 10:55:38','2019-09-03 18:04:23'),
	(1635,91,1,1,'2019-09-03 10:55:38','2019-09-03 18:04:23'),
	(1636,91,1,1,'2019-09-03 10:55:38','2019-09-03 18:04:23'),
	(1637,91,1,1,'2019-09-03 10:55:38','2019-09-03 18:04:23'),
	(1638,91,1,1,'2019-09-03 10:55:38','2019-09-03 18:04:23'),
	(1639,91,1,1,'2019-09-03 10:55:38','2019-09-03 18:04:23'),
	(1640,91,1,1,'2019-09-03 10:55:38','2019-09-03 18:04:23'),
	(1641,91,1,1,'2019-09-03 10:55:38','2019-09-03 18:04:23'),
	(1642,91,1,1,'2019-09-03 10:55:38','2019-09-03 18:04:23'),
	(1643,91,1,1,'2019-09-03 10:55:38','2019-09-03 18:04:23'),
	(1644,91,1,1,'2019-09-03 10:55:38','2019-09-03 18:04:23'),
	(1645,91,1,1,'2019-09-03 10:55:38','2019-09-03 18:04:23'),
	(1646,91,1,1,'2019-09-03 10:55:38','2019-09-03 18:04:23'),
	(1647,91,1,1,'2019-09-03 10:55:38','2019-09-03 18:04:23'),
	(1648,91,1,1,'2019-09-03 10:55:38','2019-09-03 18:04:23'),
	(1649,91,1,1,'2019-09-03 10:55:38','2019-09-03 18:04:23'),
	(1650,91,1,1,'2019-09-03 10:55:38','2019-09-03 18:04:23'),
	(1651,91,1,1,'2019-09-03 10:55:38','2019-09-03 18:04:23'),
	(1652,91,1,1,'2019-09-03 10:55:38','2019-09-03 18:04:23'),
	(1653,91,1,1,'2019-09-03 10:55:38','2019-09-03 18:04:23'),
	(1654,91,1,1,'2019-09-03 10:55:38','2019-09-03 18:04:23'),
	(1655,91,2,2,'2019-09-03 18:04:23',NULL),
	(1656,91,3,3,'2019-09-03 18:04:23',NULL),
	(1657,91,7,3,'2019-09-03 18:04:23',NULL),
	(1658,91,8,3,'2019-09-03 18:04:23',NULL),
	(1659,91,9,3,'2019-09-03 18:04:23',NULL),
	(1660,91,10,3,'2019-09-03 18:04:23',NULL),
	(1661,91,11,3,'2019-09-03 18:04:23',NULL),
	(1662,91,12,3,'2019-09-03 18:04:23',NULL),
	(1663,91,13,3,'2019-09-03 18:04:23',NULL),
	(1664,91,14,3,'2019-09-03 18:04:23',NULL),
	(1665,91,15,3,'2019-09-03 18:04:23',NULL),
	(1666,91,16,3,'2019-09-03 18:04:23',NULL),
	(1667,91,17,3,'2019-09-03 18:04:23',NULL),
	(1668,91,18,3,'2019-09-03 18:04:23',NULL),
	(1669,91,19,4,'2019-09-03 18:04:23',NULL),
	(1670,91,20,4,'2019-09-03 18:04:23',NULL),
	(1671,91,21,4,'2019-09-03 18:04:23',NULL),
	(1672,91,22,4,'2019-09-03 18:04:23',NULL),
	(1673,91,23,4,'2019-09-03 18:04:23',NULL),
	(1674,91,24,4,'2019-09-03 18:04:23',NULL),
	(1675,91,25,5,'2019-09-03 18:04:23',NULL),
	(1676,91,26,6,'2019-09-03 18:04:23',NULL),
	(1677,91,27,7,'2019-09-03 18:04:23',NULL),
	(1678,91,28,7,'2019-09-03 18:04:23',NULL),
	(1679,91,29,7,'2019-09-03 18:04:23',NULL),
	(1680,91,30,8,'2019-09-03 18:04:23',NULL),
	(1681,91,31,8,'2019-09-03 18:04:23',NULL),
	(1682,91,32,8,'2019-09-03 18:04:23',NULL),
	(1683,91,33,9,'2019-09-03 18:04:23',NULL),
	(1684,91,34,9,'2019-09-03 18:04:23',NULL),
	(1685,91,35,10,'2019-09-03 18:04:23',NULL),
	(1686,91,36,10,'2019-09-03 18:04:23',NULL),
	(1687,91,37,11,'2019-09-03 18:04:23',NULL),
	(1688,91,38,12,'2019-09-03 18:04:23',NULL),
	(1689,91,39,13,'2019-09-03 18:04:23',NULL),
	(1690,91,40,14,'2019-09-03 18:04:23',NULL),
	(1691,91,41,15,'2019-09-03 18:04:23',NULL),
	(1692,91,42,16,'2019-09-03 18:04:23',NULL),
	(1693,91,43,17,'2019-09-03 18:04:23',NULL),
	(1694,91,44,18,'2019-09-03 18:04:23',NULL),
	(1695,92,1,1,'2019-09-09 13:41:07',NULL),
	(1696,92,2,2,'2019-09-09 13:41:07',NULL),
	(1697,92,3,3,'2019-09-09 13:41:07',NULL),
	(1698,92,4,3,'2019-09-09 13:41:07',NULL),
	(1699,92,5,3,'2019-09-09 13:41:07',NULL),
	(1700,92,6,3,'2019-09-09 13:41:07',NULL),
	(1701,92,7,3,'2019-09-09 13:41:07',NULL),
	(1702,92,8,3,'2019-09-09 13:41:07',NULL),
	(1703,92,9,3,'2019-09-09 13:41:07',NULL),
	(1704,92,10,3,'2019-09-09 13:41:07',NULL),
	(1705,92,11,3,'2019-09-09 13:41:07',NULL),
	(1706,92,12,3,'2019-09-09 13:41:07',NULL),
	(1707,92,13,3,'2019-09-09 13:41:07',NULL),
	(1708,92,14,3,'2019-09-09 13:41:07',NULL),
	(1709,92,15,3,'2019-09-09 13:41:07',NULL),
	(1710,92,16,3,'2019-09-09 13:41:07',NULL),
	(1711,92,17,3,'2019-09-09 13:41:07',NULL),
	(1712,92,18,3,'2019-09-09 13:41:07',NULL),
	(1713,92,19,4,'2019-09-09 13:41:07',NULL),
	(1714,92,20,4,'2019-09-09 13:41:07',NULL),
	(1715,92,21,4,'2019-09-09 13:41:07',NULL),
	(1716,92,22,4,'2019-09-09 13:41:07',NULL),
	(1717,92,23,4,'2019-09-09 13:41:07',NULL),
	(1718,92,24,4,'2019-09-09 13:41:07',NULL),
	(1719,92,25,5,'2019-09-09 13:41:07',NULL),
	(1720,92,26,6,'2019-09-09 13:41:07',NULL),
	(1721,92,27,7,'2019-09-09 13:41:07',NULL),
	(1722,92,28,7,'2019-09-09 13:41:07',NULL),
	(1723,92,29,7,'2019-09-09 13:41:07',NULL),
	(1724,92,30,8,'2019-09-09 13:41:07',NULL),
	(1725,92,31,8,'2019-09-09 13:41:07',NULL),
	(1726,92,32,8,'2019-09-09 13:41:07',NULL),
	(1727,92,33,9,'2019-09-09 13:41:07',NULL),
	(1728,92,34,9,'2019-09-09 13:41:07',NULL),
	(1729,92,35,10,'2019-09-09 13:41:07',NULL),
	(1730,92,36,10,'2019-09-09 13:41:07',NULL),
	(1731,92,37,11,'2019-09-09 13:41:07',NULL),
	(1732,92,38,12,'2019-09-09 13:41:07',NULL),
	(1733,92,39,13,'2019-09-09 13:41:07',NULL),
	(1734,92,40,14,'2019-09-09 13:41:07',NULL),
	(1735,92,41,15,'2019-09-09 13:41:07',NULL),
	(1736,92,42,16,'2019-09-09 13:41:08',NULL),
	(1737,92,43,17,'2019-09-09 13:41:08',NULL),
	(1738,92,44,18,'2019-09-09 13:41:08',NULL),
	(1739,98,1,1,'2019-09-17 11:15:05','2019-09-17 16:08:01'),
	(1740,98,1,1,'2019-09-17 11:15:05','2019-09-17 16:08:01'),
	(1741,98,1,1,'2019-09-17 11:15:05','2019-09-17 16:08:01'),
	(1742,98,1,1,'2019-09-17 11:15:05','2019-09-17 16:08:01'),
	(1743,98,1,1,'2019-09-17 11:15:05','2019-09-17 16:08:01'),
	(1744,98,1,1,'2019-09-17 11:15:05','2019-09-17 16:08:01'),
	(1745,98,1,1,'2019-09-17 11:15:05','2019-09-17 16:08:01'),
	(1746,98,1,1,'2019-09-17 11:15:05','2019-09-17 16:08:01'),
	(1747,98,1,1,'2019-09-17 11:15:05','2019-09-17 16:08:01'),
	(1748,98,1,1,'2019-09-17 11:15:05','2019-09-17 16:08:01'),
	(1749,98,1,1,'2019-09-17 11:15:05','2019-09-17 16:08:01'),
	(1750,98,1,1,'2019-09-17 11:15:05','2019-09-17 16:08:01'),
	(1751,98,1,1,'2019-09-17 11:15:05','2019-09-17 16:08:01'),
	(1752,98,1,1,'2019-09-17 11:15:05','2019-09-17 16:08:01'),
	(1753,98,1,1,'2019-09-17 11:15:05','2019-09-17 16:08:01'),
	(1754,98,1,1,'2019-09-17 11:15:05','2019-09-17 16:08:01'),
	(1755,98,1,1,'2019-09-17 11:15:05','2019-09-17 16:08:01'),
	(1756,98,1,1,'2019-09-17 11:15:05','2019-09-17 16:08:01'),
	(1757,98,1,1,'2019-09-17 11:15:05','2019-09-17 16:08:01'),
	(1758,98,1,1,'2019-09-17 11:15:05','2019-09-17 16:08:01'),
	(1759,98,1,1,'2019-09-17 11:15:05','2019-09-17 16:08:01'),
	(1760,98,1,1,'2019-09-17 11:15:05','2019-09-17 16:08:01'),
	(1761,98,1,1,'2019-09-17 11:15:05','2019-09-17 16:08:01'),
	(1762,98,1,1,'2019-09-17 11:15:05','2019-09-17 16:08:01'),
	(1763,98,1,1,'2019-09-17 11:15:05','2019-09-17 16:08:01'),
	(1764,98,1,1,'2019-09-17 11:15:05','2019-09-17 16:08:01'),
	(1765,98,1,1,'2019-09-17 11:15:05','2019-09-17 16:08:01'),
	(1766,98,1,1,'2019-09-17 11:15:05','2019-09-17 16:08:01'),
	(1767,98,1,1,'2019-09-17 11:15:05','2019-09-17 16:08:01'),
	(1768,98,1,1,'2019-09-17 11:15:05','2019-09-17 16:08:01'),
	(1769,98,1,1,'2019-09-17 11:15:05','2019-09-17 16:08:01'),
	(1770,98,1,1,'2019-09-17 11:15:05','2019-09-17 16:08:01'),
	(1771,98,1,1,'2019-09-17 11:15:05','2019-09-17 16:08:01'),
	(1772,98,1,1,'2019-09-17 11:15:05','2019-09-17 16:08:01'),
	(1773,98,1,1,'2019-09-17 11:15:05','2019-09-17 16:08:01'),
	(1774,98,1,1,'2019-09-17 11:15:05','2019-09-17 16:08:01'),
	(1775,98,1,1,'2019-09-17 11:15:05','2019-09-17 16:08:01'),
	(1776,98,1,1,'2019-09-17 11:15:05','2019-09-17 16:08:01'),
	(1777,98,1,1,'2019-09-17 11:15:05','2019-09-17 16:08:01'),
	(1778,98,1,1,'2019-09-17 11:15:05','2019-09-17 16:08:01'),
	(1779,98,1,1,'2019-09-17 11:15:05','2019-09-17 16:08:01'),
	(1780,98,1,1,'2019-09-17 11:15:05','2019-09-17 16:08:01'),
	(1781,98,1,1,'2019-09-17 11:15:05','2019-09-17 16:08:01'),
	(1782,98,2,2,'2019-09-17 16:08:01',NULL),
	(1783,98,4,3,'2019-09-17 16:08:01',NULL),
	(1784,98,5,3,'2019-09-17 16:08:01',NULL),
	(1785,98,6,3,'2019-09-17 16:08:01',NULL),
	(1786,98,7,3,'2019-09-17 16:08:01',NULL),
	(1787,98,8,3,'2019-09-17 16:08:01',NULL),
	(1788,98,9,3,'2019-09-17 16:08:01',NULL),
	(1789,98,10,3,'2019-09-17 16:08:01',NULL),
	(1790,98,11,3,'2019-09-17 16:08:01',NULL),
	(1791,98,12,3,'2019-09-17 16:08:01',NULL),
	(1792,98,13,3,'2019-09-17 16:08:01',NULL),
	(1793,98,14,3,'2019-09-17 16:08:01',NULL),
	(1794,98,15,3,'2019-09-17 16:08:01',NULL),
	(1795,98,16,3,'2019-09-17 16:08:01',NULL),
	(1796,98,17,3,'2019-09-17 16:08:01',NULL),
	(1797,98,18,3,'2019-09-17 16:08:01',NULL),
	(1798,98,19,4,'2019-09-17 16:08:01',NULL),
	(1799,98,20,4,'2019-09-17 16:08:01',NULL),
	(1800,98,21,4,'2019-09-17 16:08:01',NULL),
	(1801,98,22,4,'2019-09-17 16:08:01',NULL),
	(1802,98,23,4,'2019-09-17 16:08:01',NULL),
	(1803,98,24,4,'2019-09-17 16:08:01',NULL),
	(1804,98,25,5,'2019-09-17 16:08:01',NULL),
	(1805,98,26,6,'2019-09-17 16:08:01',NULL),
	(1806,98,27,7,'2019-09-17 16:08:01',NULL),
	(1807,98,28,7,'2019-09-17 16:08:01',NULL),
	(1808,98,29,7,'2019-09-17 16:08:01',NULL),
	(1809,98,30,8,'2019-09-17 16:08:01',NULL),
	(1810,98,31,8,'2019-09-17 16:08:01',NULL),
	(1811,98,32,8,'2019-09-17 16:08:01',NULL),
	(1812,98,33,9,'2019-09-17 16:08:01',NULL),
	(1813,98,34,9,'2019-09-17 16:08:01',NULL),
	(1814,98,35,10,'2019-09-17 16:08:01',NULL),
	(1815,98,36,10,'2019-09-17 16:08:01',NULL),
	(1816,98,37,11,'2019-09-17 16:08:01',NULL),
	(1817,98,38,12,'2019-09-17 16:08:01',NULL),
	(1818,98,39,13,'2019-09-17 16:08:01',NULL),
	(1819,98,40,14,'2019-09-17 16:08:01',NULL),
	(1820,98,41,15,'2019-09-17 16:08:01',NULL),
	(1821,98,42,16,'2019-09-17 16:08:01',NULL),
	(1822,98,43,17,'2019-09-17 16:08:01',NULL),
	(1823,98,44,18,'2019-09-17 16:08:01',NULL);

/*!40000 ALTER TABLE `user_cat_type` ENABLE KEYS */;
UNLOCK TABLES;


# Dump of table users
# ------------------------------------------------------------

DROP TABLE IF EXISTS `users`;

CREATE TABLE `users` (
  `id` int(255) NOT NULL AUTO_INCREMENT,
  `username` varchar(255) DEFAULT NULL,
  `email` varchar(255) NOT NULL,
  `password` varchar(255) NOT NULL,
  `name` varchar(255) DEFAULT NULL,
  `Mphone` varchar(255) DEFAULT NULL,
  `ABN` varchar(255) DEFAULT NULL,
  `address` varchar(255) DEFAULT NULL,
  `city` varchar(255) DEFAULT NULL,
  `state` varchar(255) DEFAULT NULL,
  `zipCode` varchar(255) DEFAULT NULL,
  `image` varchar(255) DEFAULT NULL,
  `category` text,
  `buyer_logo` varchar(255) DEFAULT NULL,
  `supplier_logo` varchar(255) DEFAULT NULL,
  `verify` int(2) DEFAULT '0',
  `role` varchar(255) NOT NULL DEFAULT 'user',
  `otp` varchar(255) NOT NULL,
  `bussiness_name` varchar(255) NOT NULL,
  `device_id` longtext NOT NULL,
  `device_type` int(1) NOT NULL,
  `_token` varchar(255) DEFAULT NULL,
  `notification_to_supplier` int(255) NOT NULL DEFAULT '0' COMMENT '0=> nO NOTIFICATION SEND.1=> SEND NOTIFICATION',
  `farm` varchar(255) DEFAULT NULL,
  `payment_term` varchar(255) DEFAULT NULL,
  `paypalEmail` varchar(255) NOT NULL,
  `billerCode` varchar(255) NOT NULL,
  `abnNumber` varchar(255) NOT NULL,
  `bsbNumber` varchar(255) NOT NULL,
  `bankAccount` varchar(255) NOT NULL,
  `buyer_image` text,
  `supplier_image` varchar(255) DEFAULT NULL,
  `common` varchar(255) DEFAULT NULL,
  `created_at` datetime(6) NOT NULL DEFAULT CURRENT_TIMESTAMP(6),
  `updated_at` timestamp NOT NULL DEFAULT CURRENT_TIMESTAMP ON UPDATE CURRENT_TIMESTAMP,
  `Bsntype` varchar(255) DEFAULT NULL,
  `Tphone` varchar(255) DEFAULT NULL,
  `title` varchar(255) DEFAULT NULL,
  `website` varchar(255) DEFAULT NULL,
  `description` varchar(512) DEFAULT NULL,
  PRIMARY KEY (`id`)
) ENGINE=InnoDB DEFAULT CHARSET=latin1;

LOCK TABLES `users` WRITE;
/*!40000 ALTER TABLE `users` DISABLE KEYS */;

INSERT INTO `users` (`id`, `username`, `email`, `password`, `name`, `Mphone`, `ABN`, `address`, `city`, `state`, `zipCode`, `image`, `category`, `buyer_logo`, `supplier_logo`, `verify`, `role`, `otp`, `bussiness_name`, `device_id`, `device_type`, `_token`, `notification_to_supplier`, `farm`, `payment_term`, `paypalEmail`, `billerCode`, `abnNumber`, `bsbNumber`, `bankAccount`, `buyer_image`, `supplier_image`, `common`, `created_at`, `updated_at`, `Bsntype`, `Tphone`, `title`, `website`, `description`)
VALUES
	(89,'Stanbury & Co.','seamaszho231u@gmail.com','1a08fdf97325ebab2276ccc1b2ae89df','Mrs','123','45685144246','29 grimes street','birsbane','2','4066',NULL,NULL,NULL,NULL,1,'user','','','',0,NULL,1,'1',NULL,'','','','','123',NULL,NULL,NULL,'2019-08-23 14:35:25.168465','2019-09-09 17:02:24','','0451951026',NULL,NULL,NULL),
	(91,'Stanbury & Co.','testaccount1@gmail.com','1a08fdf97325ebab2276ccc1b2ae89df','seamas zhou','0451951026','45685144246','29 grimes street','birsbane','QLD','2',NULL,NULL,NULL,NULL,1,'admin','','','',0,NULL,1,'1','2','seamaszhou@gmail.com','001186','4303041996','064184','10913222','1567489636agent.png','1567557005google.png',NULL,'2019-08-23 16:24:08.832882','2019-09-16 16:13:18','SoleTrader','+61451951026','admin','www.seamaszhou.com','122132131rnkjarknajkwrnawjkrnawrkjanrjk'),
	(92,'Hawki Supply IP Pty Ltd','seamaszho123u@gmail.com','1a08fdf97325ebab2276ccc1b2ae89df','seamas zhou','+61451951026','143526096','29 grimes street','birsbane','QLD','4066',NULL,NULL,NULL,NULL,1,'user','','','',0,NULL,1,'2',NULL,'123','123','123','123','123',NULL,NULL,NULL,'2019-08-26 10:44:43.286108','2019-09-09 17:08:34','SoleTrader','+61451951026','Assignment 1',NULL,NULL),
	(93,'132313ffqfq','13432zz31f123dfefqefrer@gmail.com','1a08fdf97325ebab2276ccc1b2ae89df','seamas zhou','0451951026','123456789','29 grimes street','birsbane','SA','4066',NULL,NULL,NULL,NULL,1,'user','','','',0,NULL,1,'1',NULL,'','','','','',NULL,NULL,NULL,'2019-08-26 10:45:47.895682','2019-08-30 10:21:11','Partnership','0451951026','123',NULL,NULL),
	(94,'Stanbury &amp;amp;amp; Co.','seamaszho1231231u@gmail.com','1a08fdf97325ebab2276ccc1b2ae89df','13','123456789','123456788','29 grimes street','birsbane','TSM','4066',NULL,NULL,NULL,NULL,1,'user','','','',0,NULL,0,'1',NULL,'','','','','',NULL,NULL,NULL,'2019-08-26 10:47:56.115505','2019-08-26 10:47:56','Partnership','451951026','123',NULL,NULL),
	(95,'Stanbury & Co.','sea122maszhou@gmail.com','f5d50300796cc5f7cc29805fecfb08af','seamas zhou','123456','1','29 grimes street','birsbane','QLD','4066',NULL,NULL,NULL,NULL,1,'user','','','',0,NULL,0,'3',NULL,'','','','','',NULL,NULL,NULL,'2019-08-26 10:50:07.239939','2019-08-26 10:50:07','Company','+61451951026','123',NULL,NULL),
	(98,'seamas business','seamaszhou@gmail.com','1a08fdf97325ebab2276ccc1b2ae89df','13','0451951026','4568514424','29 grimes street','birsbane','SA','1',NULL,NULL,NULL,NULL,1,'user','','','',0,'d5cad4457bea6dd19800b27290266b58',0,'1','1','99','','','','','1568765201Screen_Shot_2019-09-16_at_17_38_28.png','',NULL,'2019-08-28 10:24:50.808624','2019-09-18 10:36:03','SoleTrader','13347320408','glkg','seamas.com','seamas\'shop'),
	(99,'Stanbury &amp;amp;amp; Co.','johnhawkins49@gmail.com','1a08fdf97325ebab2276ccc1b2ae89df','13','0459151125','45685144246','29 grimes street','birsbane','TSM','4066',NULL,NULL,NULL,NULL,0,'user','','','',0,NULL,0,'4',NULL,'','','','','',NULL,NULL,NULL,'2019-08-28 16:55:59.264657','2019-08-28 16:55:59','Company','451951026','123',NULL,NULL);

/*!40000 ALTER TABLE `users` ENABLE KEYS */;
UNLOCK TABLES;



/*!40111 SET SQL_NOTES=@OLD_SQL_NOTES */;
/*!40101 SET SQL_MODE=@OLD_SQL_MODE */;
/*!40014 SET FOREIGN_KEY_CHECKS=@OLD_FOREIGN_KEY_CHECKS */;
/*!40101 SET CHARACTER_SET_CLIENT=@OLD_CHARACTER_SET_CLIENT */;
/*!40101 SET CHARACTER_SET_RESULTS=@OLD_CHARACTER_SET_RESULTS */;
/*!40101 SET COLLATION_CONNECTION=@OLD_COLLATION_CONNECTION */;
